declaration,axioms,n_axioms
MassGap.ActionSplit.NegControl.coin_pairing_ne_sq,Classical.choice Quot.sound propext,3
MassGap.ActionSplit.NegControl.integral_coin,Classical.choice Quot.sound propext,3
MassGap.ActionSplit.NegControl.integral_gCoin,Classical.choice Quot.sound propext,3
MassGap.ActionSplit.NegControl.integral_gCoin_sq,Classical.choice Quot.sound propext,3
MassGap.ActionSplit.NegControl.shared_block_inside_square_false,Classical.choice Quot.sound propext,3
MassGap.ActionSplit.action_eq_split,Classical.choice Quot.sound propext,3
MassGap.ActionSplit.axisDagger_measurePreserving,Classical.choice Quot.sound propext,3
MassGap.ActionSplit.blkR_fixed,Classical.choice Quot.sound propext,3
MassGap.ActionSplit.blkS_disjoint_blkT,Classical.choice Quot.sound propext,3
MassGap.ActionSplit.blkS_maps_blkT,Classical.choice Quot.sound propext,3
MassGap.ActionSplit.block_factor,Classical.choice Quot.sound propext,3
MassGap.ActionSplit.corrHyper_nonneg_even_lag,Classical.choice Quot.sound propext,3
MassGap.ActionSplit.degenerate_axis_plaquette_straddles,Classical.choice Quot.sound propext,3
MassGap.ActionSplit.density_reflConf,Classical.choice Quot.sound propext,3
MassGap.ActionSplit.even_mod_iff_even,Classical.choice Quot.sound propext,3
MassGap.ActionSplit.even_sub_one_of_odd,Classical.choice Quot.sound propext,3
MassGap.ActionSplit.exists_even_extent_aperture,Classical.choice Quot.sound propext,3
MassGap.ActionSplit.exists_even_extent_of_eventually,Classical.choice Quot.sound propext,3
MassGap.ActionSplit.exists_fixed_axis_link_pinned,Quot.sound propext,2
MassGap.ActionSplit.exists_fixed_site,Quot.sound propext,2
MassGap.ActionSplit.exists_fixed_transverse_link,Quot.sound propext,2
MassGap.ActionSplit.exists_half_below,Quot.sound propext,2
MassGap.ActionSplit.exists_of_eventually_of_frequently,Classical.choice Quot.sound propext,3
MassGap.ActionSplit.fcast_add,propext,1
MassGap.ActionSplit.fin_even_add,Classical.choice Quot.sound propext,3
MassGap.ActionSplit.frequently_even_succ,Classical.choice Quot.sound propext,3
MassGap.ActionSplit.frequently_is_load_bearing,Classical.choice Quot.sound propext,3
MassGap.ActionSplit.integrable_of_bounded,Classical.choice Quot.sound propext,3
MassGap.ActionSplit.integral_comp_of_mp,Classical.choice Quot.sound propext,3
MassGap.ActionSplit.integrand_eq_paired,Classical.choice Quot.sound propext,3
MassGap.ActionSplit.lv_other_half,Quot.sound propext,2
MassGap.ActionSplit.mem_blkS_union_blkR,Classical.choice Quot.sound propext,3
MassGap.ActionSplit.mem_blkT_union_blkR,Classical.choice Quot.sound propext,3
MassGap.ActionSplit.no_fixed_axis_link,Classical.choice Quot.sound propext,3
MassGap.ActionSplit.no_half_of_odd_val,Classical.choice Quot.sound propext,3
MassGap.ActionSplit.not_eventually_even_succ,Classical.choice Quot.sound propext,3
MassGap.ActionSplit.obsPlus_local,Classical.choice Quot.sound propext,3
MassGap.ActionSplit.odd_lag_has_fixed_axis_link,Classical.choice Quot.sound propext,3
MassGap.ActionSplit.odd_lag_has_no_plane,Classical.choice Quot.sound propext,3
MassGap.ActionSplit.offBlock_disjoint,Classical.choice Quot.sound propext,3
MassGap.ActionSplit.pairing_eq_weighted_square,Classical.choice Quot.sound propext,3
MassGap.ActionSplit.pairing_nonneg_of_local,Classical.choice Quot.sound propext,3
MassGap.ActionSplit.pairing_nonneg_of_shared_block,Classical.choice Quot.sound propext,3
MassGap.ActionSplit.pinned_exists_half,Quot.sound propext,2
MassGap.ActionSplit.pinned_exists_half_sub_one,Quot.sound propext,2
MassGap.ActionSplit.pinned_half_unique,,0
MassGap.ActionSplit.plaqReflPositive_of_even_lag,Classical.choice Quot.sound propext,3
MassGap.ActionSplit.plaq_links_ge,Classical.choice Quot.sound propext,3
MassGap.ActionSplit.plaq_links_le,Classical.choice Quot.sound propext,3
MassGap.ActionSplit.plaq_links_plane,Classical.choice Quot.sound propext,3
MassGap.ActionSplit.plaq_side,Classical.choice Quot.sound propext,3
MassGap.ActionSplit.prod_integral_congr_inner,Classical.choice Quot.sound propext,3
MassGap.ActionSplit.prod_integral_nonneg,Classical.choice Quot.sound propext,3
MassGap.ActionSplit.reflConf_eq_twist,Classical.choice Quot.sound propext,3
MassGap.ActionSplit.reflConf_inverts_fixed_axis_link,Classical.choice Quot.sound propext,3
MassGap.ActionSplit.reflLink_fixed_iff_axis,Quot.sound propext,2
MassGap.ActionSplit.reflLink_fixed_iff_transverse,Quot.sound propext,2
MassGap.ActionSplit.reflPlaq_minus_mem_plus,Classical.choice Quot.sound propext,3
MassGap.ActionSplit.reflPlaq_plus_mem_minus,Classical.choice Quot.sound propext,3
MassGap.ActionSplit.reflSite_fixed_iff,Quot.sound propext,2
MassGap.ActionSplit.refl_axis_level,Quot.sound propext,2
MassGap.ActionSplit.refl_transverse_level,Quot.sound propext,2
MassGap.ActionSplit.sub_one_odd_of_even,Classical.choice Quot.sound propext,3
MassGap.ActionSplit.sum_plaq_split,Classical.choice Quot.sound propext,3
MassGap.ActionSplit.sum_plqDeg_zero,Classical.choice Quot.sound propext,3
MassGap.ActionSplit.sum_plqMinus_eq_plus_refl,Classical.choice Quot.sound propext,3
MassGap.ActionSplit.twist_measurePreserving,Classical.choice Quot.sound propext,3
MassGap.ActionSplit.wPlane_local,Classical.choice Quot.sound propext,3
MassGap.ActionSplit.wilson_expect_pairing_nonneg_even,Classical.choice Quot.sound propext,3
MassGap.ActionSplit.wilson_pairing_nonneg_even,Classical.choice Quot.sound propext,3
MassGap.ActionSplit.wilson_pairing_nonneg_of_shared_block,Classical.choice Quot.sound propext,3
MassGap.ApertureFamily.A1_family,Classical.choice Quot.sound propext,3
MassGap.ApertureFamily.A2_family,Classical.choice Quot.sound propext,3
MassGap.ApertureFamily.ConfinesAtEachCoupling,Classical.choice Quot.sound propext,3
MassGap.ApertureFamily.FlagshipAtEach,Classical.choice Quot.sound propext,3
MassGap.ApertureFamily.UniformSurplus,Classical.choice Quot.sound propext,3
MassGap.ApertureFamily.apertureAt,Classical.choice Quot.sound propext,3
MassGap.ApertureFamily.apertureAt_cosAvg,Classical.choice Quot.sound propext,3
MassGap.ApertureFamily.confinement_at_each_coupling_of_law_above_cut,Classical.choice Quot.sound propext,3
MassGap.ApertureFamily.confinesAtEachCoupling_iff_apertureFunction,Classical.choice Quot.sound propext,3
MassGap.ApertureFamily.confinesAtEachCoupling_of_confinesAtAnAperture,Classical.choice Quot.sound propext,3
MassGap.ApertureFamily.flagship_of_confinement_at_each_coupling,Classical.choice Quot.sound propext,3
MassGap.ApertureFamily.flagship_of_confinesAtAnAperture_via_family,Classical.choice Quot.sound propext,3
MassGap.ApertureFamily.forall_exists_aperture_does_not_give_exists_forall,Classical.choice Quot.sound propext,3
MassGap.ApertureFamily.fullModelOfEachCoupling,Classical.choice Quot.sound propext,3
MassGap.ApertureFamily.mass_gap_rate_and_continuum_at_each_coupling,Classical.choice Quot.sound propext,3
MassGap.ApertureFamily.measure_is_ymFamilyTension,Classical.choice Quot.sound propext,3
MassGap.ApertureFamily.tensionOf,Classical.choice Quot.sound propext,3
MassGap.ApertureFamily.tensionOf_lt_floor,Classical.choice Quot.sound propext,3
MassGap.ApertureFamily.uniform_gap_of_uniformSurplus,Classical.choice Quot.sound propext,3
MassGap.ApertureFamily.wilsonOfEachCoupling,Classical.choice Quot.sound propext,3
MassGap.ApertureFamily.ymModelFamily,Classical.choice Quot.sound propext,3
MassGap.ApertureRoute.ConfinesAtAnAperture,Classical.choice Quot.sound propext,3
MassGap.ApertureRoute.FlagshipAt,Classical.choice Quot.sound propext,3
MassGap.ApertureRoute.antipodeRead_cosAvg_eq_neg_one,Classical.choice Quot.sound propext,3
MassGap.ApertureRoute.antipodeRead_theta_eq_pi,Classical.choice Quot.sound propext,3
MassGap.ApertureRoute.apertureOf,Classical.choice Quot.sound propext,3
MassGap.ApertureRoute.apertureOf_confines,Classical.choice Quot.sound propext,3
MassGap.ApertureRoute.apertureOf_cosAvg,Classical.choice Quot.sound propext,3
MassGap.ApertureRoute.confinement_at_an_aperture_of_law_above_cut,Classical.choice Quot.sound propext,3
MassGap.ApertureRoute.confinement_at_an_aperture_of_substrate,Classical.choice Quot.sound propext,3
MassGap.ApertureRoute.confines_iff_pos_and_tension_lt_floor,Classical.choice Quot.sound propext,3
MassGap.ApertureRoute.cosAvgEven,Classical.choice Quot.sound propext,3
MassGap.ApertureRoute.evenAp_nonempty,Classical.choice Quot.sound propext,3
MassGap.ApertureRoute.flagship_of_confinement_at_an_aperture,Classical.choice Quot.sound propext,3
MassGap.ApertureRoute.flagship_of_substrate_even_via_aperture,Classical.choice Quot.sound propext,3
MassGap.ApertureRoute.fullModelOfConfinement,Classical.choice Quot.sound propext,3
MassGap.ApertureRoute.mass_gap_rate_and_continuum_at_an_aperture,Classical.choice Quot.sound propext,3
MassGap.ApertureRoute.measure_is_ymFamilyTension,Classical.choice Quot.sound propext,3
MassGap.ApertureRoute.unguarded_confinement_is_satisfiable_without_decay,Classical.choice Quot.sound propext,3
MassGap.ApertureRoute.unguarded_of_confinesAtAnAperture,Classical.choice Quot.sound propext,3
MassGap.ApertureRoute.wilsonOfConfinement,Classical.choice Quot.sound propext,3
MassGap.AreaLaw.abs_action_le,Classical.choice Quot.sound propext,3
MassGap.AreaLaw.abs_loopObs_le_one,Classical.choice Quot.sound propext,3
MassGap.AreaLaw.action_confAB_pos,Classical.choice Quot.sound propext,3
MassGap.AreaLaw.action_confOne,Classical.choice Quot.sound propext,3
MassGap.AreaLaw.action_hasDerivAt,Classical.choice Quot.sound propext,3
MassGap.AreaLaw.action_su_one,Classical.choice Quot.sound propext,3
MassGap.AreaLaw.clay_action_var_pos,Classical.choice Quot.sound propext,3
MassGap.AreaLaw.clay_mean_action_deriv_neg,Classical.choice Quot.sound propext,3
MassGap.AreaLaw.clay_mean_action_ne_of_ne,Classical.choice Quot.sound propext,3
MassGap.AreaLaw.clay_mean_action_strictAnti,Classical.choice Quot.sound propext,3
MassGap.AreaLaw.clay_not_free,Classical.choice Quot.sound propext,3
MassGap.AreaLaw.continuous_loopObs,Classical.choice Quot.sound propext,3
MassGap.AreaLaw.expect_var_pos,Classical.choice Quot.sound propext,3
MassGap.AreaLaw.loopHol_conj,Classical.choice Quot.sound propext,3
MassGap.AreaLaw.loopHol_one_one,Classical.choice Quot.sound propext,3
MassGap.AreaLaw.loopHol_zero_width,Classical.choice Quot.sound propext,3
MassGap.AreaLaw.loopObs_eq,Classical.choice Quot.sound propext,3
MassGap.AreaLaw.loopObs_one,Classical.choice Quot.sound propext,3
MassGap.AreaLaw.loopObs_one_one,Classical.choice Quot.sound propext,3
MassGap.AreaLaw.measurable_loopObs,Classical.choice Quot.sound propext,3
MassGap.AreaLaw.rectWord_length,propext,1
MassGap.AreaLaw.rectWord_one_one,propext,1
MassGap.AreaLaw.su_one_mean_action_deriv_zero,Classical.choice Quot.sound propext,3
MassGap.AreaLaw.sysWilson_clay,Classical.choice Quot.sound propext,3
MassGap.Bessel.besselI_two_le_quarter,Classical.choice Quot.sound propext,3
MassGap.Bessel.besselTerm_two_le_quarter,Classical.choice Quot.sound propext,3
MassGap.Bessel.ratio_le_quarter,Classical.choice Quot.sound propext,3
MassGap.Bessel.strong_coupling_below_threshold,Classical.choice Quot.sound propext,3
MassGap.Bessel.two_mul_ratio_lt_kappa0,Classical.choice Quot.sound propext,3
MassGap.Capacity.existence_and_gap_of_junction,Classical.choice Quot.sound propext,3
MassGap.Capacity.hread_of_junction,Classical.choice Quot.sound propext,3
MassGap.CellBridge.cellGapAtLeastR_of_pivot,Classical.choice Quot.sound propext,3
MassGap.CellBridge.cell_gap_203_100_gt_floor,Classical.choice Quot.sound propext,3
MassGap.CellBridge.cell_gap_at_4_25,Classical.choice Quot.sound propext,3
MassGap.CellBridge.cell_gap_big_at_203_100,Classical.choice Quot.sound propext,3
MassGap.CellBridge.eigenvalues_HcellR_eq,Classical.choice Quot.sound propext,3
MassGap.CellBridge.eigenvalues_congr,Classical.choice Quot.sound propext,3
MassGap.CellCover.cell_gap_on_range,Classical.choice Quot.sound propext,3
MassGap.CellCover.cover_0,Classical.choice Quot.sound propext,3
MassGap.CellCover.cover_1,Classical.choice Quot.sound propext,3
MassGap.CellCover.cover_10,Classical.choice Quot.sound propext,3
MassGap.CellCover.cover_11,Classical.choice Quot.sound propext,3
MassGap.CellCover.cover_12,Classical.choice Quot.sound propext,3
MassGap.CellCover.cover_13,Classical.choice Quot.sound propext,3
MassGap.CellCover.cover_14,Classical.choice Quot.sound propext,3
MassGap.CellCover.cover_15,Classical.choice Quot.sound propext,3
MassGap.CellCover.cover_16,Classical.choice Quot.sound propext,3
MassGap.CellCover.cover_17,Classical.choice Quot.sound propext,3
MassGap.CellCover.cover_18,Classical.choice Quot.sound propext,3
MassGap.CellCover.cover_2,Classical.choice Quot.sound propext,3
MassGap.CellCover.cover_3,Classical.choice Quot.sound propext,3
MassGap.CellCover.cover_4,Classical.choice Quot.sound propext,3
MassGap.CellCover.cover_5,Classical.choice Quot.sound propext,3
MassGap.CellCover.cover_6,Classical.choice Quot.sound propext,3
MassGap.CellCover.cover_7,Classical.choice Quot.sound propext,3
MassGap.CellCover.cover_8,Classical.choice Quot.sound propext,3
MassGap.CellCover.cover_9,Classical.choice Quot.sound propext,3
MassGap.CellEnclosure.Adj_col_sum_le,Classical.choice Quot.sound propext,3
MassGap.CellEnclosure.Adj_eq_adjM,Classical.choice Quot.sound propext,3
MassGap.CellEnclosure.Adj_nonneg,Classical.choice Quot.sound propext,3
MassGap.CellEnclosure.Adj_row_sum_le,Classical.choice Quot.sound propext,3
MassGap.CellEnclosure.Adj_symm,Classical.choice Quot.sound propext,3
MassGap.CellEnclosure.CellGapAtLeastR,Classical.choice Quot.sound propext,3
MassGap.CellEnclosure.Hcell2_clears_floor,Classical.choice Quot.sound propext,3
MassGap.CellEnclosure.HcellR_eq_HcellRr,Classical.choice Quot.sound propext,3
MassGap.CellEnclosure.HcellR_form_lipschitz,Classical.choice Quot.sound propext,3
MassGap.CellEnclosure.HcellR_gap_of_certificate_ball,Classical.choice Quot.sound propext,3
MassGap.CellEnclosure.HcellR_gap_of_certificate_ball_abs,Classical.choice Quot.sound propext,3
MassGap.CellEnclosure.HcellR_gap_of_certificate_rel,Classical.choice Quot.sound propext,3
MassGap.CellEnclosure.HcellR_sub_smul_adj,Classical.choice Quot.sound propext,3
MassGap.CellEnclosure.HcellRr_form_lipschitz,Classical.choice Quot.sound propext,3
MassGap.CellEnclosure.HcellRr_sub_smul_adjM,Classical.choice Quot.sound propext,3
MassGap.CellEnclosure.Tdelta_posSemidef,Classical.choice Quot.sound propext,3
MassGap.CellEnclosure.adjM_form_bound,Classical.choice Quot.sound propext,3
MassGap.CellEnclosure.adj_form_bound,Classical.choice Quot.sound propext,3
MassGap.CellEnclosure.bondCount_lt_of_budget,Classical.choice Quot.sound propext,3
MassGap.CellEnclosure.cellGapAtLeastR_mono,Classical.choice Quot.sound propext,3
MassGap.CellEnclosure.cellGapAtLeastR_of_ball,Classical.choice Quot.sound propext,3
MassGap.CellEnclosure.cellGapAtLeastR_of_ball_abs,Classical.choice Quot.sound propext,3
MassGap.CellEnclosure.cellGapAtLeast_mono,Classical.choice Quot.sound propext,3
MassGap.CellEnclosure.cellGapAtLeast_of_ball,Classical.choice Quot.sound propext,3
MassGap.CellEnclosure.cellGapAtLeast_of_ball_abs,Classical.choice Quot.sound propext,3
MassGap.CellEnclosure.cellRr_form_ge_of_form_ge,Classical.choice Quot.sound propext,3
MassGap.CellEnclosure.cellRr_form_le_of_form_le,Classical.choice Quot.sound propext,3
MassGap.CellEnclosure.cell_form_ge_of_form_ge,Classical.choice Quot.sound propext,3
MassGap.CellEnclosure.cell_form_le_of_form_le,Classical.choice Quot.sound propext,3
MassGap.CellEnclosure.cell_general_gap,Classical.choice Quot.sound propext,3
MassGap.CellEnclosure.cell_volume_bar_nonvacuous,Classical.choice Quot.sound propext,3
MassGap.CellEnclosure.chain_budget_fails,Classical.choice Quot.sound propext,3
MassGap.CellEnclosure.chain_coupling_extensive,Classical.choice Quot.sound propext,3
MassGap.CellEnclosure.chain_sq_expand,Classical.choice Quot.sound propext,3
MassGap.CellEnclosure.combine_Tsum,Classical.choice Quot.sound propext,3
MassGap.CellEnclosure.commuting_proj_mul_posSemidef,Classical.choice Quot.sound propext,3
MassGap.CellEnclosure.coupled_gap_of_coupling_bound,Classical.choice Quot.sound propext,3
MassGap.CellEnclosure.coupling_form_add,Classical.choice Quot.sound propext,3
MassGap.CellEnclosure.coupling_form_extensive,Classical.choice Quot.sound propext,3
MassGap.CellEnclosure.coupling_form_le_bondCount,Classical.choice Quot.sound propext,3
MassGap.CellEnclosure.coupling_form_lower,Classical.choice Quot.sound propext,3
MassGap.CellEnclosure.diag_form_margin,Classical.choice Quot.sound propext,3
MassGap.CellEnclosure.eq21_lhs,Classical.choice Quot.sound propext,3
MassGap.CellEnclosure.eq23_form_of_psd,Classical.choice Quot.sound propext,3
MassGap.CellEnclosure.eq23_of_terms,Classical.choice Quot.sound propext,3
MassGap.CellEnclosure.fiber_empty,Classical.choice Quot.sound propext,3
MassGap.CellEnclosure.fiber_sum_neg,Classical.choice Quot.sound propext,3
MassGap.CellEnclosure.fiber_sum_pos,Classical.choice Quot.sound propext,3
MassGap.CellEnclosure.form_perturbation_reaches_finitely_many,Classical.choice Quot.sound propext,3
MassGap.CellEnclosure.gap_of_bond_coupling,Classical.choice Quot.sound propext,3
MassGap.CellEnclosure.gap_of_form_perturbation,Classical.choice Quot.sound propext,3
MassGap.CellEnclosure.gap_of_operator_sq_ge,Classical.choice Quot.sound propext,3
MassGap.CellEnclosure.gap_uniform_of_cell,Classical.choice Quot.sound propext,3
MassGap.CellEnclosure.gap_uniform_of_cell_intensive,Classical.choice Quot.sound propext,3
MassGap.CellEnclosure.gm_alpha_beta,Classical.choice Quot.sound propext,3
MassGap.CellEnclosure.gm_eq23_c1,Classical.choice Quot.sound propext,3
MassGap.CellEnclosure.gm_gap_c1,Classical.choice Quot.sound propext,3
MassGap.CellEnclosure.gm_gap_of_eq23,Classical.choice Quot.sound propext,3
MassGap.CellEnclosure.hnn_c1,Classical.choice Quot.sound propext,3
MassGap.CellEnclosure.hterm_of_nonneg_psd,Classical.choice Quot.sound propext,3
MassGap.CellEnclosure.interacting_cell_gap,Classical.choice Quot.sound propext,3
MassGap.CellEnclosure.isHermitian_sum,Classical.choice Quot.sound propext,3
MassGap.CellEnclosure.knabe_gap_demo,Classical.choice Quot.sound propext,3
MassGap.CellEnclosure.knabe_gap_of_window_identities,Classical.choice Quot.sound propext,3
MassGap.CellEnclosure.operator_sq_ge_of_gap,Classical.choice Quot.sound propext,3
MassGap.CellEnclosure.product_margin_le_cell_ceiling,Classical.choice Quot.sound propext,3
MassGap.CellEnclosure.product_subvacuum_le,Classical.choice Quot.sound propext,3
MassGap.CellEnclosure.product_volume_gap,Classical.choice Quot.sound propext,3
MassGap.CellEnclosure.product_volume_gap_concrete,Classical.choice Quot.sound propext,3
MassGap.CellEnclosure.psd_form_nonneg,Classical.choice Quot.sound propext,3
MassGap.CellEnclosure.psd_nonneg_smul_sum,Classical.choice Quot.sound propext,3
MassGap.CellEnclosure.regroup_by_fiber,Classical.choice Quot.sound propext,3
MassGap.CellEnclosure.straddle_form_bound,Classical.choice Quot.sound propext,3
MassGap.CellEnclosure.weighted_window_sq_regrouped,Classical.choice Quot.sound propext,3
MassGap.CellEnclosure.weighted_window_sq_sum,Classical.choice Quot.sound propext,3
MassGap.CellEnclosure.weighted_window_sum,Classical.choice Quot.sound propext,3
MassGap.CellEnclosure.window_sq_sum,Classical.choice Quot.sound propext,3
MassGap.CellPivot.cell_gap_137_100,Classical.choice Quot.sound propext,3
MassGap.CellPivot.cell_gap_159_100,Classical.choice Quot.sound propext,3
MassGap.CellPivot.cell_gap_17_10,Classical.choice Quot.sound propext,3
MassGap.CellPivot.cell_gap_181_100,Classical.choice Quot.sound propext,3
MassGap.CellPivot.cell_gap_19_50,Classical.choice Quot.sound propext,3
MassGap.CellPivot.cell_gap_23_20,Classical.choice Quot.sound propext,3
MassGap.CellPivot.cell_gap_26_25,Classical.choice Quot.sound propext,3
MassGap.CellPivot.cell_gap_27_100,Classical.choice Quot.sound propext,3
MassGap.CellPivot.cell_gap_37_25,Classical.choice Quot.sound propext,3
MassGap.CellPivot.cell_gap_3_5,Classical.choice Quot.sound propext,3
MassGap.CellPivot.cell_gap_41_50,Classical.choice Quot.sound propext,3
MassGap.CellPivot.cell_gap_48_25,Classical.choice Quot.sound propext,3
MassGap.CellPivot.cell_gap_49_100,Classical.choice Quot.sound propext,3
MassGap.CellPivot.cell_gap_4_25,Classical.choice Quot.sound propext,3
MassGap.CellPivot.cell_gap_63_50,Classical.choice Quot.sound propext,3
MassGap.CellPivot.cell_gap_71_100,Classical.choice Quot.sound propext,3
MassGap.CellPivot.cell_gap_93_100,Classical.choice Quot.sound propext,3
MassGap.CellPivot.rel_cell_gap_103_25,Classical.choice Quot.sound propext,3
MassGap.CellPivot.rel_cell_gap_107_50,Classical.choice Quot.sound propext,3
MassGap.CellPivot.rel_cell_gap_111_20,Classical.choice Quot.sound propext,3
MassGap.CellPivot.rel_cell_gap_114_25,Classical.choice Quot.sound propext,3
MassGap.CellPivot.rel_cell_gap_129_50,Classical.choice Quot.sound propext,3
MassGap.CellPivot.rel_cell_gap_133_20,Classical.choice Quot.sound propext,3
MassGap.CellPivot.rel_cell_gap_136_25,Classical.choice Quot.sound propext,3
MassGap.CellPivot.rel_cell_gap_147_25,Classical.choice Quot.sound propext,3
MassGap.CellPivot.rel_cell_gap_14_5,Classical.choice Quot.sound propext,3
MassGap.CellPivot.rel_cell_gap_151_50,Classical.choice Quot.sound propext,3
MassGap.CellPivot.rel_cell_gap_158_25,Classical.choice Quot.sound propext,3
MassGap.CellPivot.rel_cell_gap_169_25,Classical.choice Quot.sound propext,3
MassGap.CellPivot.rel_cell_gap_173_50,Classical.choice Quot.sound propext,3
MassGap.CellPivot.rel_cell_gap_203_100,Classical.choice Quot.sound propext,3
MassGap.CellPivot.rel_cell_gap_217_50,Classical.choice Quot.sound propext,3
MassGap.CellPivot.rel_cell_gap_239_50,Classical.choice Quot.sound propext,3
MassGap.CellPivot.rel_cell_gap_247_100,Classical.choice Quot.sound propext,3
MassGap.CellPivot.rel_cell_gap_261_50,Classical.choice Quot.sound propext,3
MassGap.CellPivot.rel_cell_gap_269_100,Classical.choice Quot.sound propext,3
MassGap.CellPivot.rel_cell_gap_283_50,Classical.choice Quot.sound propext,3
MassGap.CellPivot.rel_cell_gap_291_100,Classical.choice Quot.sound propext,3
MassGap.CellPivot.rel_cell_gap_313_100,Classical.choice Quot.sound propext,3
MassGap.CellPivot.rel_cell_gap_327_50,Classical.choice Quot.sound propext,3
MassGap.CellPivot.rel_cell_gap_357_100,Classical.choice Quot.sound propext,3
MassGap.CellPivot.rel_cell_gap_379_100,Classical.choice Quot.sound propext,3
MassGap.CellPivot.rel_cell_gap_39_10,Classical.choice Quot.sound propext,3
MassGap.CellPivot.rel_cell_gap_401_100,Classical.choice Quot.sound propext,3
MassGap.CellPivot.rel_cell_gap_423_100,Classical.choice Quot.sound propext,3
MassGap.CellPivot.rel_cell_gap_467_100,Classical.choice Quot.sound propext,3
MassGap.CellPivot.rel_cell_gap_489_100,Classical.choice Quot.sound propext,3
MassGap.CellPivot.rel_cell_gap_511_100,Classical.choice Quot.sound propext,3
MassGap.CellPivot.rel_cell_gap_533_100,Classical.choice Quot.sound propext,3
MassGap.CellPivot.rel_cell_gap_577_100,Classical.choice Quot.sound propext,3
MassGap.CellPivot.rel_cell_gap_599_100,Classical.choice Quot.sound propext,3
MassGap.CellPivot.rel_cell_gap_59_25,Classical.choice Quot.sound propext,3
MassGap.CellPivot.rel_cell_gap_5_1,Classical.choice Quot.sound propext,3
MassGap.CellPivot.rel_cell_gap_61_10,Classical.choice Quot.sound propext,3
MassGap.CellPivot.rel_cell_gap_621_100,Classical.choice Quot.sound propext,3
MassGap.CellPivot.rel_cell_gap_643_100,Classical.choice Quot.sound propext,3
MassGap.CellPivot.rel_cell_gap_67_20,Classical.choice Quot.sound propext,3
MassGap.CellPivot.rel_cell_gap_81_25,Classical.choice Quot.sound propext,3
MassGap.CellPivot.rel_cell_gap_89_20,Classical.choice Quot.sound propext,3
MassGap.CellPivot.rel_cell_gap_92_25,Classical.choice Quot.sound propext,3
MassGap.CellPivot.rel_cell_gap_9_4,Classical.choice Quot.sound propext,3
MassGap.CellTail.pivotSeqFrom_ge_of_selfconsistent,Classical.choice Quot.sound propext,3
MassGap.CellTail.pivotSeqFrom_mono,Classical.choice Quot.sound propext,3
MassGap.CellTail.pivotSeqFrom_mono_above,Classical.choice Quot.sound propext,3
MassGap.CellTail.pivotSeqFrom_pos_of_selfconsistent,Classical.choice Quot.sound propext,3
MassGap.CellTail.pivots_nonneg_of_block_and_tail,Classical.choice Quot.sound propext,3
MassGap.CellTail.pos_above_of_tail,Classical.choice Quot.sound propext,3
MassGap.CellTail.pos_of_pos_of_le,Classical.choice Quot.sound propext,3
MassGap.CentreDominance.string_tension_eq_centre,Classical.choice Quot.sound propext,3
MassGap.CharacterExpansion.NegControl.cA_mem_SU,Classical.choice Quot.sound propext,3
MassGap.CharacterExpansion.NegControl.su3_kernel_neg_of_neg,Classical.choice Quot.sound propext,3
MassGap.CharacterExpansion.NegControl.su3_kernel_nonneg_iff,Classical.choice Quot.sound propext,3
MassGap.CharacterExpansion.NegControl.su3_quadform,Classical.choice Quot.sound propext,3
MassGap.CharacterExpansion.abs_mono_le_one,Classical.choice Quot.sound propext,3
MassGap.CharacterExpansion.crossweight_pairing_nonneg,Classical.choice Quot.sound propext,3
MassGap.CharacterExpansion.hasSum_wilsonWeight_paired,Classical.choice Quot.sound propext,3
MassGap.CharacterExpansion.hsRe_eq_sum,Classical.choice Quot.sound propext,3
MassGap.CharacterExpansion.hsRe_pow,Classical.choice Quot.sound propext,3
MassGap.CharacterExpansion.measurable_mono,Classical.choice Quot.sound propext,3
MassGap.CharacterExpansion.odd_lag_straddling_plaq_two_fixed_axis_links,Classical.choice Quot.sound propext,3
MassGap.CharacterExpansion.plaqReflPositive_of_pairing_nonneg,Classical.choice Quot.sound propext,3
MassGap.CharacterExpansion.quadform_pow_eq_sum_sq,Classical.choice Quot.sound propext,3
MassGap.CharacterExpansion.twisted_pairing_eq_sq,Classical.choice Quot.sound propext,3
MassGap.CharacterExpansion.twisted_reflection_positive_of_expansion,Classical.choice Quot.sound propext,3
MassGap.CharacterExpansion.wilson_crossweight_pairing_nonneg,Classical.choice Quot.sound propext,3
MassGap.CharacterExpansion.wilson_kernel_nonneg,Classical.choice Quot.sound propext,3
MassGap.CompactBeta.clay_covariance_constant_not_aperture_uniform,Classical.choice Quot.sound propext,3
MassGap.CompactBeta.clay_plaq_count,Classical.choice Quot.sound propext,3
MassGap.CompactBeta.compactness_is_load_bearing,Classical.choice Quot.sound propext,3
MassGap.CompactBeta.d2At_jointUniform_on_Icc_of_equicontinuous,Classical.choice Quot.sound propext wilson_reflection_positive_at,4
MassGap.CompactBeta.d2At_jointUniform_on_Icc_of_uniform_lipschitz,Classical.choice Quot.sound propext wilson_reflection_positive_at,4
MassGap.CompactBeta.equicontinuity_is_load_bearing,Classical.choice Quot.sound propext,3
MassGap.CompactBeta.equicontinuousInBeta_of_uniform_lipschitz,Classical.choice Quot.sound propext,3
MassGap.CompactBeta.jointUniform_of_pointwise_of_equicontinuous,Classical.choice Quot.sound propext,3
MassGap.CompactBeta.jointUniform_on_Icc,Classical.choice Quot.sound propext,3
MassGap.CompactBeta.no_go_and_compact_swap_are_compatible,Classical.choice Quot.sound propext,3
MassGap.CompactBeta.probeRead_moment,Classical.choice Quot.sound propext,3
MassGap.CompactBeta.probeRho_moment,Classical.choice Quot.sound propext,3
MassGap.CompactBeta.probeRho_sum,Classical.choice Quot.sound propext,3
MassGap.CompactBeta.profile_to_moment_not_uniformly_lipschitz,Classical.choice Quot.sound propext,3
MassGap.CompactBeta.sepMoment_at_switch,Classical.choice Quot.sound propext,3
MassGap.CompactBeta.sepMoment_eq_zero,Classical.choice Quot.sound propext,3
MassGap.CompactBeta.sepMoment_jointUniform_on_Icc,Classical.choice Quot.sound propext,3
MassGap.CompactBeta.sepMoment_modulus_degrades,Classical.choice Quot.sound propext,3
MassGap.CompactBeta.sepMoment_not_equicontinuous_on_Icc,Classical.choice Quot.sound propext,3
MassGap.CompactGauge.expect_invariant_haar,Classical.choice Quot.sound propext,3
MassGap.ConfinesSharp.confines_extent_four_iff,Classical.choice Quot.sound propext,3
MassGap.ConfinesSharp.confines_extent_six_iff,Classical.choice Quot.sound propext,3
MassGap.ConfinesSharp.denom_pos_extent_four,Classical.choice Quot.sound propext,3
MassGap.ConfinesSharp.denom_pos_extent_six,Classical.choice Quot.sound propext,3
MassGap.ConfinesSharp.not_confines_extent_four_iff,Classical.choice Quot.sound propext,3
MassGap.ConfinesSharp.shape_admits_failure,Classical.choice Quot.sound propext,3
MassGap.ConfinesSharp.shape_admits_success,Classical.choice Quot.sound propext,3
MassGap.ConfinesSharp.sym_four,Classical.choice Quot.sound propext,3
MassGap.ConfinesSharp.sym_six_one,Classical.choice Quot.sound propext,3
MassGap.ConfinesSharp.sym_six_two,Classical.choice Quot.sound propext,3
MassGap.ConfinesSharp.two_c_sub_one_pos,Classical.choice Quot.sound propext,3
MassGap.ConfinesZero.MissesTheFloor,Classical.choice Quot.sound propext,3
MassGap.ConfinesZero.ap4,,0
MassGap.ConfinesZero.ap6,Classical.choice Quot.sound propext,3
MassGap.ConfinesZero.confinesAtAnAperture_iff_missesTheFloor,Classical.choice Quot.sound propext,3
MassGap.ConfinesZero.confinesAtAnAperture_of_missesTheFloor,Classical.choice Quot.sound propext,3
MassGap.ConfinesZero.confines_at_zero,Classical.choice Quot.sound propext,3
MassGap.ConfinesZero.confines_below_a_cut,Classical.choice Quot.sound propext,3
MassGap.ConfinesZero.confines_extent_four_of_lag_two_small,Classical.choice Quot.sound propext,3
MassGap.ConfinesZero.confines_near_zero,Classical.choice Quot.sound propext,3
MassGap.ConfinesZero.continuous_cosAvgEven,Classical.choice Quot.sound propext,3
MassGap.ConfinesZero.continuous_wilsonCorrAt,Classical.choice Quot.sound propext,3
MassGap.ConfinesZero.continuous_wilsonCorrConn,Classical.choice Quot.sound propext,3
MassGap.ConfinesZero.continuous_wilsonSystem_expect,Classical.choice Quot.sound propext,3
MassGap.ConfinesZero.cosAvgEven_at_zero,Classical.choice Quot.sound propext,3
MassGap.ConfinesZero.cosAvgEven_eq_one_of_nonpos,Classical.choice Quot.sound propext,3
MassGap.ConfinesZero.cosAvgEven_extent_four,Classical.choice Quot.sound propext,3
MassGap.ConfinesZero.cosAvgEven_extent_six,Classical.choice Quot.sound propext,3
MassGap.ConfinesZero.flagship_of_missesTheFloor,Classical.choice Quot.sound propext,3
MassGap.ConfinesZero.floor_lt_one,Classical.choice Quot.sound propext,3
MassGap.ConfinesZero.floor_pos,Classical.choice Quot.sound propext,3
MassGap.ConfinesZero.missesTheFloor_of_confinesAtAnAperture,Classical.choice Quot.sound propext,3
MassGap.ConfinesZero.one_le_circLag,Classical.choice Quot.sound propext,3
MassGap.ConfinesZero.readEven_rho,Classical.choice Quot.sound propext,3
MassGap.ConfinesZero.readEven_theta,Classical.choice Quot.sound propext,3
MassGap.ContactDominance.aperture_constants_ordered,Classical.choice Quot.sound propext,3
MassGap.ContactDominance.aperture_uniform_of_share_envelope,Classical.choice Quot.sound propext wilson_reflection_positive_at,4
MassGap.ContactDominance.aperture_uniformity_does_not_give_coupling_uniformity,Classical.choice Quot.sound propext,3
MassGap.ContactDominance.circ_moment_eq_layer,Classical.choice Quot.sound propext,3
MassGap.ContactDominance.circ_moment_le_cut,Classical.choice Quot.sound propext,3
MassGap.ContactDominance.circ_moment_le_iff_rho,Classical.choice Quot.sound propext,3
MassGap.ContactDominance.circ_moment_le_of_envelope,Classical.choice Quot.sound propext,3
MassGap.ContactDominance.circ_moment_le_of_rho_envelope,Classical.choice Quot.sound propext,3
MassGap.ContactDominance.circ_moment_le_of_tail_envelope,Classical.choice Quot.sound propext,3
MassGap.ContactDominance.circ_moment_le_of_weight_envelope,Classical.choice Quot.sound propext,3
MassGap.ContactDominance.confinement_of_share_envelope,Classical.choice Quot.sound propext wilson_reflection_positive_at,4
MassGap.ContactDominance.envelope_load_bearing,Classical.choice Quot.sound propext,3
MassGap.ContactDominance.envelope_nonvacuous,Classical.choice Quot.sound propext,3
MassGap.ContactDominance.farShare_le_of_circ_moment,Classical.choice Quot.sound propext,3
MassGap.ContactDominance.square_envelope_not_summable,Classical.choice Quot.sound propext,3
MassGap.ContactDominance.square_share_is_not_enough,Classical.choice Quot.sound propext,3
MassGap.ContactDominance.substrateThreshold_lt_ceiling,Classical.choice Quot.sound propext,3
MassGap.ContactDominance.substrate_of_cubic_share,Classical.choice Quot.sound propext wilson_reflection_positive_at,4
MassGap.ContactDominance.substrate_of_quartic_decay,Classical.choice Quot.sound propext wilson_reflection_positive_at,4
MassGap.ContactDominance.substrate_of_share_envelope,Classical.choice Quot.sound propext wilson_reflection_positive_at,4
MassGap.ContactDominance.substrate_of_tail_envelope,Classical.choice Quot.sound propext wilson_reflection_positive_at,4
MassGap.ContactDominance.substrate_of_weight_envelope,Classical.choice Quot.sound propext wilson_reflection_positive_at,4
MassGap.ContactDominance.yang_mills_of_share_envelope,Classical.choice Quot.sound propext wilson_reflection_positive_at,4
MassGap.ContactFloor.abs_sub_le_add,Classical.choice Quot.sound propext,3
MassGap.ContactFloor.blockExt,Classical.choice Quot.sound propext,3
MassGap.ContactFloor.blockExt_restrict,Classical.choice Quot.sound propext,3
MassGap.ContactFloor.block_factor,Classical.choice Quot.sound propext,3
MassGap.ContactFloor.boltz_eq_touch_mul_rest,Classical.choice Quot.sound propext,3
MassGap.ContactFloor.contactFloor_holds,Classical.choice Quot.sound propext,3
MassGap.ContactFloor.contact_relative_unconditional,Classical.choice Quot.sound propext,3
MassGap.ContactFloor.continuous_blockExt,Classical.choice Quot.sound propext,3
MassGap.ContactFloor.corrClay_zero_at_zero_const,Classical.choice Quot.sound propext,3
MassGap.ContactFloor.corrClay_zero_at_zero_eq,Classical.choice Quot.sound propext,3
MassGap.ContactFloor.corrClay_zero_ge,Classical.choice Quot.sound propext,3
MassGap.ContactFloor.exists_haar_floor,Classical.choice Quot.sound propext,3
MassGap.ContactFloor.haarMean,Classical.choice Quot.sound propext,3
MassGap.ContactFloor.haarSecond,Classical.choice Quot.sound propext,3
MassGap.ContactFloor.haar_centred_le,Classical.choice Quot.sound propext,3
MassGap.ContactFloor.hol_clay_eq,Classical.choice Quot.sound propext,3
MassGap.ContactFloor.hol_linkTranslate_clay,Classical.choice Quot.sound propext,3
MassGap.ContactFloor.integrable_of_bounded,Classical.choice Quot.sound propext,3
MassGap.ContactFloor.integral_comp_linkTranslate,Classical.choice Quot.sound propext,3
MassGap.ContactFloor.integral_const_prob,Classical.choice Quot.sound propext,3
MassGap.ContactFloor.integral_hol_clay,Classical.choice Quot.sound propext,3
MassGap.ContactFloor.linkTranslate,Classical.choice Quot.sound propext,3
MassGap.ContactFloor.linkTranslateEquiv,Classical.choice Quot.sound propext,3
MassGap.ContactFloor.linkTranslateEquiv_measurePreserving,Classical.choice Quot.sound propext,3
MassGap.ContactFloor.linkTranslate_coord_mp,Classical.choice Quot.sound propext,3
MassGap.ContactFloor.linkTranslate_measurePreserving,Classical.choice Quot.sound propext,3
MassGap.ContactFloor.linkTranslate_of_ne,Classical.choice Quot.sound propext,3
MassGap.ContactFloor.linkTranslate_self,Classical.choice Quot.sound propext,3
MassGap.ContactFloor.measureReal_univ_one,Classical.choice Quot.sound propext,3
MassGap.ContactFloor.restWeight,Classical.choice Quot.sound propext,3
MassGap.ContactFloor.rest_support,Classical.choice Quot.sound propext,3
MassGap.ContactFloor.shift_ne,Quot.sound propext,2
MassGap.ContactFloor.touchWeight,Classical.choice Quot.sound propext,3
MassGap.ContactFloor.wilsonCorrConn_self_at_zero,Classical.choice Quot.sound propext,3
MassGap.ContactFloor.wilsonCorrConn_self_at_zero_moments,Classical.choice Quot.sound propext,3
MassGap.ContactFloor.wilsonCorrConn_self_eq_centred,Classical.choice Quot.sound propext,3
MassGap.ContactFloor.wilsonCorrConn_self_ge_haar,Classical.choice Quot.sound propext,3
MassGap.CrossingIntegration.abs_hsRe_le_card,Classical.choice Quot.sound propext,3
MassGap.CrossingIntegration.coe_inv_eq_conjTranspose,Classical.choice Quot.sound propext,3
MassGap.CrossingIntegration.crossing_gauge_integral_eq,Classical.choice Quot.sound propext,3
MassGap.CrossingIntegration.crossing_gauge_pairing_nonneg,Classical.choice Quot.sound propext,3
MassGap.CrossingIntegration.gNeg_inv,Classical.choice Quot.sound propext,3
MassGap.CrossingIntegration.gaugeAvg_act,Classical.choice Quot.sound propext,3
MassGap.CrossingIntegration.hol_cfgWitness,Classical.choice Quot.sound propext,3
MassGap.CrossingIntegration.hsRe_conj,Classical.choice Quot.sound propext,3
MassGap.CrossingIntegration.hsRe_self_nonneg,Classical.choice Quot.sound propext,3
MassGap.CrossingIntegration.integral_gaugeAvg_mul_invariant,Classical.choice Quot.sound propext,3
MassGap.CrossingIntegration.invLink_cfgWitness,Classical.choice Quot.sound propext,3
MassGap.CrossingIntegration.kernel_arg_shift,Classical.choice Quot.sound propext,3
MassGap.CrossingIntegration.measurable_gaugeAvg,Classical.choice Quot.sound propext,3
MassGap.CrossingIntegration.negctl_hsRe_one_sided_not_invariant,Classical.choice Quot.sound propext,3
MassGap.CrossingIntegration.negctl_identity_config,Classical.choice Quot.sound propext,3
MassGap.CrossingIntegration.negctl_paired_word_is_nonneg,Classical.choice Quot.sound propext,3
MassGap.CrossingIntegration.no_half_function_for_straddling_word,Classical.choice Quot.sound propext,3
MassGap.CrossingIntegration.no_half_paired_of_neg_at_fixed,Classical.choice Quot.sound propext,3
MassGap.CrossingIntegration.no_paired_after_equivariant_reparam,Classical.choice Quot.sound propext,3
MassGap.CrossingIntegration.no_paired_expansion_of_neg_at_fixed,Classical.choice Quot.sound propext,3
MassGap.CrossingIntegration.no_paired_word_of_neg_at_fixed,Classical.choice Quot.sound propext,3
MassGap.CrossingIntegration.paired_sum_nonneg_at_fixed,Classical.choice Quot.sound propext,3
MassGap.CrossingIntegration.reflConf_cfgWitness,Classical.choice Quot.sound propext,3
MassGap.CrossingIntegration.straddling_not_paired_four_dim,Classical.choice Quot.sound propext,3
MassGap.CrossingIntegration.straddling_word_not_determined_by_halves,Classical.choice Quot.sound propext,3
MassGap.CrossingIntegration.straddling_word_not_matrix_paired_at_odd_lag,Classical.choice Quot.sound propext,3
MassGap.CrossingIntegration.straddling_word_not_paired_at_odd_lag,Classical.choice Quot.sound propext,3
MassGap.CrossingIntegration.trace_gNeg,Classical.choice Quot.sound propext,3
MassGap.CrossingIntegration.wilson_crossing_pairing_nonneg,Classical.choice Quot.sound propext,3
MassGap.CrossingIntegration.wilson_kernel_integral_psd,Classical.choice Quot.sound propext,3
MassGap.CubeArea.boundaryFaces_cubeConfig_injective,Classical.choice Quot.sound propext,3
MassGap.CubeArea.boundary_card_eq,Classical.choice Quot.sound propext,3
MassGap.CubeArea.boundary_card_of_shared,Classical.choice Quot.sound propext,3
MassGap.CubeArea.boundary_connected,Classical.choice Quot.sound propext,3
MassGap.CubeArea.card_crossFaces,Classical.choice Quot.sound propext,3
MassGap.CubeArea.card_cubeConfig,Classical.choice Quot.sound propext,3
MassGap.CubeArea.card_cubes_with_face_le_two,Classical.choice Quot.sound propext,3
MassGap.CubeArea.card_faces,Classical.choice Quot.sound propext,3
MassGap.CubeArea.card_sharedFaces,Classical.choice Quot.sound propext,3
MassGap.CubeArea.corners_distinct,Classical.choice Quot.sound propext,3
MassGap.CubeArea.crossFace_injective,Classical.choice Quot.sound propext,3
MassGap.CubeArea.crossFace_of_step,Classical.choice Quot.sound propext,3
MassGap.CubeArea.crossFace_shared,Classical.choice Quot.sound propext,3
MassGap.CubeArea.cubePos_injOn,Classical.choice Quot.sound propext,3
MassGap.CubeArea.cubePos_step,Classical.choice Quot.sound propext,3
MassGap.CubeArea.cubePos_succ_eq_step,Classical.choice Quot.sound propext,3
MassGap.CubeArea.cube_edge_even,Classical.choice Quot.sound propext,3
MassGap.CubeArea.cube_of_face,Classical.choice Quot.sound propext,3
MassGap.CubeArea.directed_surfaces_count_and_area,Classical.choice Quot.sound propext,3
MassGap.CubeArea.edge_parity_all,Classical.choice Quot.sound propext,3
MassGap.CubeArea.eq_rot_of_ne,Quot.sound propext,2
MassGap.CubeArea.faces_pairwiseDisjoint,Classical.choice Quot.sound propext,3
MassGap.CubeArea.high_mem_boundary,Classical.choice Quot.sound propext,3
MassGap.CubeArea.incidence_double_count,Classical.choice Quot.sound propext,3
MassGap.CubeArea.incidence_double_count_filter,Classical.choice Quot.sound propext,3
MassGap.CubeArea.incidence_left,Classical.choice Quot.sound propext,3
MassGap.CubeArea.low_mem_boundary,Classical.choice Quot.sound propext,3
MassGap.CubeArea.mem_boundaryFaces_iff_floor,Classical.choice Quot.sound propext,3
MassGap.CubeArea.mem_boundaryFaces_iff_xor,Classical.choice Quot.sound propext,3
MassGap.CubeArea.mem_cubeConfig_iff,Classical.choice Quot.sound propext,3
MassGap.CubeArea.mem_faceEdges,Classical.choice Quot.sound propext,3
MassGap.CubeArea.mem_faceEdges_iff,Classical.choice Quot.sound propext,3
MassGap.CubeArea.mem_faceEdges_rot1,Classical.choice Quot.sound propext,3
MassGap.CubeArea.mem_faceEdges_rot2,Classical.choice Quot.sound propext,3
MassGap.CubeArea.mem_of_boundary_eq_aux,Classical.choice Quot.sound propext,3
MassGap.CubeArea.mem_of_not_mem_boundaryFaces,Classical.choice Quot.sound propext,3
MassGap.CubeArea.not_mem_boundaryFaces_of_both,Classical.choice Quot.sound propext,3
MassGap.CubeArea.not_mem_faceEdges_axis,Classical.choice Quot.sound propext,3
MassGap.CubeArea.origin_face_mem_boundary,Classical.choice Quot.sound propext,3
MassGap.CubeArea.owners_one_or_two,Classical.choice Quot.sound propext,3
MassGap.CubeArea.owners_subset_pair,Classical.choice Quot.sound propext,3
MassGap.CubeArea.reach_low_of_mem_faces,Classical.choice Quot.sound propext,3
MassGap.CubeArea.reach_origin_face,Classical.choice Quot.sound propext,3
MassGap.CubeArea.rot1_ne_rot2,Quot.sound propext,2
MassGap.CubeArea.rot1_rot1,Quot.sound propext,2
MassGap.CubeArea.rot2_rot1,Quot.sound propext,2
MassGap.CubeArea.sharedFaces_eq_crossFaces,Classical.choice Quot.sound propext,3
MassGap.CubeArea.shared_face_eq,Classical.choice Quot.sound propext,3
MassGap.CubeArea.sharesEdge_high_high,Classical.choice Quot.sound propext,3
MassGap.CubeArea.sharesEdge_ladder,Classical.choice Quot.sound propext,3
MassGap.CubeArea.sharesEdge_low_high,Classical.choice Quot.sound propext,3
MassGap.CubeArea.sharesEdge_low_low,Classical.choice Quot.sound propext,3
MassGap.CubeArea.shares_succ,Classical.choice Quot.sound propext,3
MassGap.CubeArea.step_comm,Quot.sound propext,2
MassGap.CubeArea.step_injective,Quot.sound propext,2
MassGap.CubeArea.step_rel_of_shares,Classical.choice Quot.sound propext,3
MassGap.CubeArea.sum_dist_one_of_shares,Classical.choice Quot.sound propext,3
MassGap.CubeArea.third_ne_left,Classical.choice Quot.sound propext,3
MassGap.CubeArea.third_third,Classical.choice Quot.sound propext,3
MassGap.CubeBranch.boundary_card_tree,Classical.choice Quot.sound propext,3
MassGap.CubeBranch.branch_density_gt_floor,Classical.choice Quot.sound propext,3
MassGap.CubeBranch.branch_density_limit,Classical.choice Quot.sound propext,3
MassGap.CubeBranch.branch_floor_ten,Classical.choice Quot.sound propext,3
MassGap.CubeBranch.branched_origin_face_mem_boundary,Classical.choice Quot.sound propext,3
MassGap.CubeBranch.branched_surfaces_closed,Classical.choice Quot.sound propext,3
MassGap.CubeBranch.branched_surfaces_count_and_area,Classical.choice Quot.sound propext,3
MassGap.CubeBranch.card_sharedFaces_tree,Classical.choice Quot.sound propext,3
MassGap.CubeBranch.config_isTree,Classical.choice Quot.sound propext,3
MassGap.CubeBranch.eq_of_boundaryFaces_eq,Classical.choice Quot.sound propext,3
MassGap.DLRLimit.IConf,,0
MassGap.DLRLimit.ILink,,0
MassGap.DLRLimit.IPlaq,,0
MassGap.DLRLimit.ISite,,0
MassGap.DLRLimit.IsDLR,Classical.choice Quot.sound propext,3
MassGap.DLRLimit.IsPointMass,Classical.choice Quot.sound propext,3
MassGap.DLRLimit.State,Classical.choice Quot.sound propext,3
MassGap.DLRLimit.State.abs_le_norm,Classical.choice Quot.sound propext,3
MassGap.DLRLimit.State.le_norm,Classical.choice Quot.sound propext,3
MassGap.DLRLimit.State.map_add,Classical.choice Quot.sound propext,3
MassGap.DLRLimit.State.map_neg,Classical.choice Quot.sound propext,3
MassGap.DLRLimit.State.map_one,Classical.choice Quot.sound propext,3
MassGap.DLRLimit.State.map_smul,Classical.choice Quot.sound propext,3
MassGap.DLRLimit.State.map_sub,Classical.choice Quot.sound propext,3
MassGap.DLRLimit.State.map_zero,Classical.choice Quot.sound propext,3
MassGap.DLRLimit.State.mem_Icc,Classical.choice Quot.sound propext,3
MassGap.DLRLimit.State.mono,Classical.choice Quot.sound propext,3
MassGap.DLRLimit.State.nonneg,Classical.choice Quot.sound propext,3
MassGap.DLRLimit.borelSpace_iconf,Classical.choice Quot.sound propext,3
MassGap.DLRLimit.compactSpace_iconf,Classical.choice Quot.sound propext,3
MassGap.DLRLimit.exists_dlr_state,Classical.choice Quot.sound propext,3
MassGap.DLRLimit.exists_infinite_volume_gibbs_measure,Classical.choice Quot.sound propext,3
MassGap.DLRLimit.exists_infinite_volume_gibbs_state,Classical.choice Quot.sound propext,3
MassGap.DLRLimit.exists_infinite_volume_gibbs_state_nondegenerate,Classical.choice Quot.sound propext,3
MassGap.DLRLimit.exists_limit_state,Classical.choice Quot.sound propext,3
MassGap.DLRLimit.gibbsMeasure,Classical.choice Quot.sound propext,3
MassGap.DLRLimit.gibbsMeasure_univ_toReal,Classical.choice Quot.sound propext,3
MassGap.DLRLimit.instCoeFunState,Classical.choice Quot.sound propext,3
MassGap.DLRLimit.instIsFiniteMeasure,Classical.choice Quot.sound propext,3
MassGap.DLRLimit.instIsProbabilityMeasure,Classical.choice Quot.sound propext,3
MassGap.DLRLimit.integral_gibbsMeasure,Classical.choice Quot.sound propext,3
MassGap.DLRLimit.isDLR_of_tendsto,Classical.choice Quot.sound propext,3
MassGap.DLRLimit.le_of_eventually_le,Classical.choice Quot.sound propext,3
MassGap.DLRLimit.not_isPointMass_of_uniform_variance,Classical.choice Quot.sound propext,3
MassGap.DLRLimit.not_isPointMass_of_variance_pos,Classical.choice Quot.sound propext,3
MassGap.DLRLimit.stateCc,Classical.choice Quot.sound propext,3
MassGap.DLRLimit.variance_eq_zero_of_isPointMass,Classical.choice Quot.sound propext,3
MassGap.DLRLimit.variance_ge_of_eventually,Classical.choice Quot.sound propext,3
MassGap.EvenAperture.A2_even,Classical.choice Quot.sound propext,3
MassGap.EvenAperture.apFour,Classical.choice Quot.sound propext,3
MassGap.EvenAperture.apertureEven,Classical.choice Quot.sound propext,3
MassGap.EvenAperture.d2Even,Classical.choice Quot.sound propext,3
MassGap.EvenAperture.d2Even_eq,Classical.choice Quot.sound propext wilson_reflection_positive_at,4
MassGap.EvenAperture.evenAp_nonempty,Classical.choice Quot.sound propext,3
MassGap.EvenAperture.existence_and_gap_of_substrate_even,Classical.choice Quot.sound propext,3
MassGap.EvenAperture.exists_confining_even_aperture,Classical.choice Quot.sound propext,3
MassGap.EvenAperture.exists_even_extent_four_of_eventually,Classical.choice Quot.sound propext,3
MassGap.EvenAperture.frequently_even_extent_four,Classical.choice Quot.sound propext,3
MassGap.EvenAperture.fullModelEven,Classical.choice Quot.sound propext,3
MassGap.EvenAperture.mass_gap_rate_and_continuum_even,Classical.choice Quot.sound propext,3
MassGap.EvenAperture.mem_evenAp_iff,Quot.sound propext,2
MassGap.EvenAperture.not_eventually_even_extent_four,Classical.choice Quot.sound propext,3
MassGap.EvenAperture.readEven,Classical.choice Quot.sound propext,3
MassGap.EvenAperture.readEven_apFour_rho,Classical.choice Quot.sound propext,3
MassGap.EvenAperture.readEven_eq_at_zero,Classical.choice Quot.sound propext,3
MassGap.EvenAperture.readEven_eq_readYMAt,Classical.choice Quot.sound propext wilson_reflection_positive_at,4
MassGap.EvenAperture.rp_at_extent_four,Classical.choice Quot.sound propext,3
MassGap.EvenAperture.substrate_even_of_substrate,Classical.choice Quot.sound propext wilson_reflection_positive_at,4
MassGap.EvenAperture.two_le_half_is_load_bearing,Quot.sound propext,2
MassGap.EvenAperture.wilsonEven,Classical.choice Quot.sound propext,3
MassGap.EvenAperture.ymModelEven,Classical.choice Quot.sound propext,3
MassGap.EvenAperture.ym_mass_gap_at_extent_four,Classical.choice Quot.sound propext,3
MassGap.EvenAperture.ym_mass_gap_of_substrate_even,Classical.choice Quot.sound propext,3
MassGap.EvenAperture.μEven,Classical.choice Quot.sound propext,3
MassGap.EvenAperture.μEven_eq,Classical.choice Quot.sound propext wilson_reflection_positive_at,4
MassGap.EvenAperture.μEven_eq_at_zero,Classical.choice Quot.sound propext,3
MassGap.Fluctuation.VarObs_le_sq_range_div_four,Classical.choice Quot.sound propext,3
MassGap.Fluctuation.Varf_nonneg,Classical.choice Quot.sound propext,3
MassGap.Fluctuation.abs_Covf_le_sqrt_mul_sqrt,Classical.choice Quot.sound propext,3
MassGap.Fluctuation.gibbs_mean_deriv_eq_neg_cov,Classical.choice Quot.sound propext,3
MassGap.Fluctuation.gibbs_susceptibility_eq_variance,Classical.choice Quot.sound propext,3
MassGap.Fluctuation.gibbs_susceptibility_nonneg,Classical.choice Quot.sound propext,3
MassGap.Fluctuation.hasDerivAt_Zf,Classical.choice Quot.sound propext,3
MassGap.Fluctuation.meanf_lipschitz,Classical.choice Quot.sound propext,3
MassGap.Fluctuation.norm_deriv_meanf_le,Classical.choice Quot.sound propext,3
MassGap.Fluctuation.norm_deriv_meanf_le_on,Classical.choice Quot.sound propext,3
MassGap.FreeField.muInf_lt_floor,Classical.choice Quot.sound propext,3
MassGap.GibbsPositive.QG_pos,Classical.choice Quot.sound propext,3
MassGap.GibbsPositive.QYM_pos_of,Classical.choice Quot.sound propext,3
MassGap.GibbsPositive.centred_ne_zero_at_identity,Classical.choice Quot.sound propext,3
MassGap.GibbsPositive.corrNum_plaqObs_pos,Classical.choice Quot.sound propext,3
MassGap.GibbsPositive.expect_O0_pos,Classical.choice Quot.sound propext,3
MassGap.GibbsPositive.expect_centred_eq_zero,Classical.choice Quot.sound propext,3
MassGap.GibbsPositive.expect_plaqObs_pos,Classical.choice Quot.sound propext,3
MassGap.GibbsPositive.expect_plaqObs_su_one_eq_zero,Classical.choice Quot.sound propext,3
MassGap.GibbsPositive.plaqObs_confD,Classical.choice Quot.sound propext,3
MassGap.GibbsPositive.wilsonDensity_gD,Classical.choice Quot.sound propext,3
MassGap.GibbsPositive.ymFamilyGaugeCounted_Q_pos,Classical.choice Quot.sound propext,3
MassGap.GibbsPositive.ymFamilyGauge_Q_pos,Classical.choice Quot.sound propext,3
MassGap.GibbsSpec.abs_spec_le,Classical.choice Quot.sound propext,3
MassGap.GibbsSpec.actionBC_split,Classical.choice Quot.sound propext,3
MassGap.GibbsSpec.actionOn_sdiff_indep,Classical.choice Quot.sound propext,3
MassGap.GibbsSpec.actionOn_split,Classical.choice Quot.sound propext,3
MassGap.GibbsSpec.boundaryPlaqs_mono,Classical.choice Quot.sound propext,3
MassGap.GibbsSpec.boundaryPlaqs_ne_plaqsIn,Classical.choice Quot.sound propext,3
MassGap.GibbsSpec.boundaryPlaqs_nonempty,Classical.choice Quot.sound propext,3
MassGap.GibbsSpec.dlr_consistent,Classical.choice Quot.sound propext,3
MassGap.GibbsSpec.ihol_congr,Quot.sound propext,2
MassGap.GibbsSpec.iunshift_ishift,Quot.sound propext,2
MassGap.GibbsSpec.links_not_mem_of_mem_sdiff,Classical.choice Quot.sound propext,3
MassGap.GibbsSpec.measurable_spec_right,Classical.choice Quot.sound propext,3
MassGap.GibbsSpec.measurable_splice_left,Classical.choice Quot.sound propext,3
MassGap.GibbsSpec.measurable_splice_prod,Classical.choice Quot.sound propext,3
MassGap.GibbsSpec.measurable_splice_right,Classical.choice Quot.sound propext,3
MassGap.GibbsSpec.mem_boundaryPlaqs,Classical.choice Quot.sound propext,3
MassGap.GibbsSpec.mem_plaqsIn,Classical.choice Quot.sound propext,3
MassGap.GibbsSpec.mem_touching,Classical.choice Quot.sound propext,3
MassGap.GibbsSpec.num_outer,Classical.choice Quot.sound propext,3
MassGap.GibbsSpec.num_spec_eq_num,Classical.choice Quot.sound propext,3
MassGap.GibbsSpec.part_pos,Classical.choice Quot.sound propext,3
MassGap.GibbsSpec.plaqsIn_split_not_local,Classical.choice Quot.sound propext,3
MassGap.GibbsSpec.spec_congr_off,Classical.choice Quot.sound propext,3
MassGap.GibbsSpec.spec_one,Classical.choice Quot.sound propext,3
MassGap.GibbsSpec.splice_eSplit,Classical.choice Quot.sound propext,3
MassGap.GibbsSpec.splice_nested,Classical.choice Quot.sound propext,3
MassGap.GibbsSpec.wilson_dlr_consistent,Classical.choice Quot.sound propext,3
MassGap.GibbsSpec.wilson_part_pos,Classical.choice Quot.sound propext,3
MassGap.GibbsSpec.wt_eSplit,Classical.choice Quot.sound propext,3
MassGap.HaarVariance.four_link_variance_eq,Classical.choice Quot.sound propext,3
MassGap.HaarVariance.haar_variance_four_link_pos,Classical.choice Quot.sound propext,3
MassGap.HaarVariance.haar_variance_reTr_pos,Classical.choice Quot.sound propext,3
MassGap.HaarVariance.haar_variance_reTr_pos',Classical.choice Quot.sound propext,3
MassGap.HaarVariance.haar_variance_reTr_su_one,Classical.choice Quot.sound propext,3
MassGap.HaarVariance.measurePreserving_mul,Classical.choice Quot.sound propext,3
MassGap.HaarVariance.measurePreserving_prod4,Classical.choice Quot.sound propext,3
MassGap.HaarVariance.reTr_flipEl,Classical.choice Quot.sound propext,3
MassGap.HaarVariance.reTr_flipEl_ne_reTr_one,Classical.choice Quot.sound propext,3
MassGap.HaarVariance.reTr_one,Classical.choice Quot.sound propext,3
MassGap.HaarVariance.variance_comp_measurePreserving,Classical.choice Quot.sound propext,3
MassGap.HaarVariance.variance_pos_of_two_values,Classical.choice Quot.sound propext,3
MassGap.HalfLineTransfer.DetBy,Classical.choice Quot.sound propext,3
MassGap.HalfLineTransfer.T_pow_coe_of_shift,Classical.choice Quot.sound propext,3
MassGap.HalfLineTransfer.Tq_pow_mk,Classical.choice Quot.sound propext,3
MassGap.HalfLineTransfer.blkR_shift_stable_of_extent_two,Classical.choice Quot.sound propext,3
MassGap.HalfLineTransfer.blkR_subset_slab,Classical.choice Quot.sound propext,3
MassGap.HalfLineTransfer.const_of_detBy_empty,Classical.choice Quot.sound propext,3
MassGap.HalfLineTransfer.const_of_shift_stable,Classical.choice Quot.sound propext,3
MassGap.HalfLineTransfer.detBy_inter,Classical.choice Quot.sound propext,3
MassGap.HalfLineTransfer.detBy_iterate,Classical.choice Quot.sound propext,3
MassGap.HalfLineTransfer.detBy_of_detBy_shiftObs,Classical.choice Quot.sound propext,3
MassGap.HalfLineTransfer.detBy_of_mem_localObs,Classical.choice Quot.sound propext,3
MassGap.HalfLineTransfer.detBy_orbitCore,Classical.choice Quot.sound propext,3
MassGap.HalfLineTransfer.exists_step_to_level,Quot.sound propext,2
MassGap.HalfLineTransfer.lv_shiftLink_iterate,Classical.choice Quot.sound propext,3
MassGap.HalfLineTransfer.lv_shift_iterate,Classical.choice Quot.sound propext,3
MassGap.HalfLineTransfer.no_rate_below_one_of_finite_order,Classical.choice Quot.sound propext,3
MassGap.HalfLineTransfer.no_rate_of_shift_transfer,Classical.choice Quot.sound propext,3
MassGap.HalfLineTransfer.orbitCore,propext,1
MassGap.HalfLineTransfer.orbitCore_eq_empty,Classical.choice Quot.sound propext,3
MassGap.HalfLineTransfer.orbitCore_succ,Quot.sound propext,2
MassGap.HalfLineTransfer.shiftConf_iterate,Quot.sound propext,2
MassGap.HalfLineTransfer.shiftConf_period,Classical.choice Quot.sound propext,3
MassGap.HalfLineTransfer.shiftLink_iterate,Quot.sound propext,2
MassGap.HalfLineTransfer.shiftLink_iterate_fst,Quot.sound propext,2
MassGap.HalfLineTransfer.shiftLink_iterate_period,Classical.choice Quot.sound propext,3
MassGap.HalfLineTransfer.shiftObs_eq_self_of_shift_stable,Classical.choice Quot.sound propext,3
MassGap.HalfLineTransfer.shiftObs_pow_apply,Classical.choice Quot.sound propext,3
MassGap.HalfLineTransfer.shiftObs_pow_period,Classical.choice Quot.sound propext,3
MassGap.HalfLineTransfer.shift_iterate,Classical.choice Quot.sound propext,3
MassGap.HalfLineTransfer.shift_iterate_period,Classical.choice Quot.sound propext,3
MassGap.Hankel.corrClay_hankel_psd,Classical.choice Quot.sound propext,3
MassGap.Hankel.corrClay_hankel_psd_at_extent_four,Classical.choice Quot.sound propext,3
MassGap.Hankel.corrHyper_hankel_psd,Classical.choice Quot.sound propext,3
MassGap.Hankel.hankel_lag_val,Quot.sound propext,2
MassGap.InfiniteLattice.IConf,,0
MassGap.InfiniteLattice.ILink,,0
MassGap.InfiniteLattice.IPlaq,,0
MassGap.InfiniteLattice.ISite,,0
MassGap.InfiniteLattice.IsLocalOn,Classical.choice Quot.sound propext,3
MassGap.InfiniteLattice.IsLocalOn.mono,Classical.choice Quot.sound propext,3
MassGap.InfiniteLattice.base_mem_linksOf,Classical.choice Quot.sound propext,3
MassGap.InfiniteLattice.borelSpace_IConf,Classical.choice Quot.sound propext,3
MassGap.InfiniteLattice.bounded_of_continuous,Classical.choice Quot.sound propext,3
MassGap.InfiniteLattice.coe_plaqsIn,Classical.choice Quot.sound propext,3
MassGap.InfiniteLattice.compactSpace_IConf,Classical.choice Quot.sound propext,3
MassGap.InfiniteLattice.continuous_coord,Classical.choice Quot.sound propext,3
MassGap.InfiniteLattice.continuous_pullback,Classical.choice Quot.sound propext,3
MassGap.InfiniteLattice.continuous_restrict,Classical.choice Quot.sound propext,3
MassGap.InfiniteLattice.continuous_stepListProd,Classical.choice Quot.sound propext,3
MassGap.InfiniteLattice.continuous_wilsonHol_ibd,Classical.choice Quot.sound propext,3
MassGap.InfiniteLattice.coordObs_mem_localAlg,Classical.choice Quot.sound propext,3
MassGap.InfiniteLattice.countable_ILink,Classical.choice Quot.sound propext,3
MassGap.InfiniteLattice.countable_ISite,Classical.choice Quot.sound propext,3
MassGap.InfiniteLattice.decEqILink,Classical.choice Quot.sound propext,3
MassGap.InfiniteLattice.decEqIPlaq,Classical.choice Quot.sound propext,3
MassGap.InfiniteLattice.finMod,Classical.choice Quot.sound propext,3
MassGap.InfiniteLattice.finMod_add_one,Classical.choice Quot.sound propext,3
MassGap.InfiniteLattice.finite_plaqs_of_volume,Classical.choice Quot.sound propext,3
MassGap.InfiniteLattice.ibd,,0
MassGap.InfiniteLattice.ibd_def,,0
MassGap.InfiniteLattice.ibd_diag_hol_one,propext,1
MassGap.InfiniteLattice.ibd_length,,0
MassGap.InfiniteLattice.ibd_links,,0
MassGap.InfiniteLattice.ibd_map_linkMod,Classical.choice Quot.sound propext,3
MassGap.InfiniteLattice.ibd_orientations,,0
MassGap.InfiniteLattice.ihol_congr_on_support,Quot.sound propext,2
MassGap.InfiniteLattice.instInfiniteILink,Classical.choice Quot.sound propext,3
MassGap.InfiniteLattice.instInfiniteISite,Classical.choice Quot.sound propext,3
MassGap.InfiniteLattice.isCompact_univ_IConf,Classical.choice Quot.sound propext,3
MassGap.InfiniteLattice.isLocalOn_comp_restrict,Classical.choice Quot.sound propext,3
MassGap.InfiniteLattice.isLocalOn_plaqSum,Classical.choice Quot.sound propext,3
MassGap.InfiniteLattice.isLocalOn_plaqTerm,Classical.choice Quot.sound propext,3
MassGap.InfiniteLattice.ishift,,0
MassGap.InfiniteLattice.linkMod,Classical.choice Quot.sound propext,3
MassGap.InfiniteLattice.linksOf,Classical.choice Quot.sound propext,3
MassGap.InfiniteLattice.linksOf_card_le,Classical.choice Quot.sound propext,3
MassGap.InfiniteLattice.linksOf_subset_of_mem_plaqsIn,Classical.choice Quot.sound propext,3
MassGap.InfiniteLattice.localAlg,Classical.choice Quot.sound propext,3
MassGap.InfiniteLattice.localAlg_bounded,Classical.choice Quot.sound propext,3
MassGap.InfiniteLattice.localAlg_continuous,Classical.choice Quot.sound propext,3
MassGap.InfiniteLattice.localAlg_isLocalOn,Classical.choice Quot.sound propext,3
MassGap.InfiniteLattice.localAlg_le_quasiLocalAlg,Classical.choice Quot.sound propext,3
MassGap.InfiniteLattice.localAlg_measurable,Classical.choice Quot.sound propext,3
MassGap.InfiniteLattice.localAlg_mono,Classical.choice Quot.sound propext,3
MassGap.InfiniteLattice.measurable_coord,Classical.choice Quot.sound propext,3
MassGap.InfiniteLattice.measurable_of_continuous,Classical.choice Quot.sound propext,3
MassGap.InfiniteLattice.measurable_wilsonHol_ibd,Classical.choice Quot.sound propext,3
MassGap.InfiniteLattice.mem_linksOf,Classical.choice Quot.sound propext,3
MassGap.InfiniteLattice.mem_localAlg,Classical.choice Quot.sound propext,3
MassGap.InfiniteLattice.mem_plaqsIn,Classical.choice Quot.sound propext,3
MassGap.InfiniteLattice.mem_plaqsIn_linksOf,Classical.choice Quot.sound propext,3
MassGap.InfiniteLattice.mem_quasiLocalAlg,Classical.choice Quot.sound propext,3
MassGap.InfiniteLattice.monotone_plaqsIn,Classical.choice Quot.sound propext,3
MassGap.InfiniteLattice.nonempty_IConf,Classical.choice,1
MassGap.InfiniteLattice.plaqMod,Classical.choice Quot.sound propext,3
MassGap.InfiniteLattice.plaqSum_mem_localAlg,Classical.choice Quot.sound propext,3
MassGap.InfiniteLattice.plaqTerm_mem_localAlg,Classical.choice Quot.sound propext,3
MassGap.InfiniteLattice.plaqsIn,Classical.choice Quot.sound propext,3
MassGap.InfiniteLattice.plaqsIn_card_le,Classical.choice Quot.sound propext,3
MassGap.InfiniteLattice.plaqsIn_mono,Classical.choice Quot.sound propext,3
MassGap.InfiniteLattice.pullback,Classical.choice Quot.sound propext,3
MassGap.InfiniteLattice.quasiLocalAlg,Classical.choice Quot.sound propext,3
MassGap.InfiniteLattice.restrict,Quot.sound propext,2
MassGap.InfiniteLattice.secondCountable_IConf,Classical.choice Quot.sound propext,3
MassGap.InfiniteLattice.siteMod,Classical.choice Quot.sound propext,3
MassGap.InfiniteLattice.siteMod_ishift,Classical.choice Quot.sound propext,3
MassGap.InfiniteLattice.t2Space_IConf,Classical.choice Quot.sound propext,3
MassGap.InfiniteLattice.wilsonHol_ibd,propext,1
MassGap.InfiniteLattice.wilsonHol_periodic,Classical.choice Quot.sound propext,3
MassGap.InfiniteVolume.circLag_cast,Quot.sound propext,2
MassGap.InfiniteVolume.clay_plaq_card,Classical.choice Quot.sound propext,3
MassGap.InfiniteVolume.clay_site_def,,0
MassGap.InfiniteVolume.clay_volume_tendsto_atTop,Classical.choice Quot.sound propext,3
MassGap.InfiniteVolume.corrLag,Classical.choice Quot.sound propext,3
MassGap.InfiniteVolume.corrLag_abs_le_geometric,Classical.choice Quot.sound propext,3
MassGap.InfiniteVolume.corrLag_index_val,Quot.sound propext,2
MassGap.InfiniteVolume.corrLag_mem_Icc,Classical.choice Quot.sound propext,3
MassGap.InfiniteVolume.corrLag_zero,Classical.choice Quot.sound propext,3
MassGap.InfiniteVolume.diagSeq,,0
MassGap.InfiniteVolume.diagSeq_succ,,0
MassGap.InfiniteVolume.diagSeq_zero,,0
MassGap.InfiniteVolume.exists_filter_tendsto_all_lags,Classical.choice Quot.sound propext,3
MassGap.InfiniteVolume.exists_infinite_volume_gapped_limit,Classical.choice Quot.sound propext,3
MassGap.InfiniteVolume.exists_subseq_tendsto,Classical.choice Quot.sound propext,3
MassGap.InfiniteVolume.exists_subseq_tendsto_all_lags,Classical.choice Quot.sound propext,3
MassGap.InfiniteVolume.exists_uniform_contact_floor,Classical.choice Quot.sound propext,3
MassGap.InfiniteVolume.self_le_of_strictMono,,0
MassGap.InfiniteVolume.wilsonCorrAt_abs_le_four,Classical.choice Quot.sound propext,3
MassGap.InfiniteVolume.wilsonCorrAt_eq_wilsonCorrConn,Classical.choice Quot.sound propext,3
MassGap.InfiniteVolume.wilsonCorrConn_abs_le_four,Classical.choice Quot.sound propext,3
MassGap.LagTwoBound.circLag_two,Quot.sound propext,2
MassGap.LagTwoBound.confines_below_derived_cut,Classical.choice Quot.sound propext,3
MassGap.LagTwoBound.confines_of_lag_two_ratio,Classical.choice Quot.sound propext,3
MassGap.LagTwoBound.contact_relative_constant_too_large,Classical.choice Quot.sound propext,3
MassGap.LagTwoBound.exists_cut_lag_two_ratio,Classical.choice Quot.sound propext,3
MassGap.LagTwoBound.floor_bounds,Classical.choice Quot.sound propext,3
MassGap.LagTwoBound.floor_pow_four,Classical.choice Quot.sound propext,3
MassGap.LagTwoBound.floor_sq_bounds,Classical.choice Quot.sound propext,3
MassGap.LagTwoBound.lagTwoThreshold,Classical.choice Quot.sound propext,3
MassGap.LagTwoBound.lagTwoThreshold_gt,Classical.choice Quot.sound propext,3
MassGap.LagTwoBound.lagTwoThreshold_lt,Classical.choice Quot.sound propext,3
MassGap.LagTwoBound.lagTwoThreshold_pos,Classical.choice Quot.sound propext,3
MassGap.LagTwoBound.lag_two_criterion_of_ratio,Classical.choice Quot.sound propext,3
MassGap.LagTwoBound.le_coreConst,Classical.choice Quot.sound propext,3
MassGap.LatticeGauge.Symmetry.expect_invariant,Classical.choice Quot.sound propext,3
MassGap.LocalGap.blockOp_ramp,Classical.choice Quot.sound propext,3
MassGap.LocalGap.block_ramp_bound,Classical.choice Quot.sound propext,3
MassGap.LocalGap.block_sum,Classical.choice Quot.sound propext,3
MassGap.LocalGap.dproj_far_psd,Classical.choice Quot.sound propext,3
MassGap.LocalGap.far_val,Quot.sound propext,2
MassGap.LocalGap.knabe_bound_pos_iff,Classical.choice Quot.sound propext,3
MassGap.LocalGap.knabe_chain_gap,Classical.choice Quot.sound propext,3
MassGap.LocalGap.knabe_chain_gap_of_local_spectrum,Classical.choice Quot.sound propext,3
MassGap.LocalGap.knabe_gap_volume_independent,Classical.choice Quot.sound propext,3
MassGap.LocalGap.knabe_witness,Classical.choice Quot.sound propext,3
MassGap.LocalGap.laplace_chain_gap_le,Classical.choice Quot.sound propext,3
MassGap.LocalGap.laplace_ground_state,Classical.choice Quot.sound propext,3
MassGap.LocalGap.laplace_local_spectrum_le,Classical.choice Quot.sound propext,3
MassGap.LocalGap.laplace_meets_structure,Classical.choice Quot.sound propext,3
MassGap.LocalGap.laplace_never_clears_threshold,Classical.choice Quot.sound propext,3
MassGap.LocalGap.laplace_no_uniform_gap,Classical.choice Quot.sound propext,3
MassGap.LocalGap.laplace_spectrum_le,Classical.choice Quot.sound propext,3
MassGap.LocalGap.laplace_window_gap_le,Classical.choice Quot.sound propext,3
MassGap.LocalGap.no_positive_eigenvalue_of_win_eq_zero,Classical.choice Quot.sound propext,3
MassGap.LocalGap.proj_posSemidef,Classical.choice Quot.sound propext,3
MassGap.LocalGap.sum_eq_zero_of_win_eq_zero,Classical.choice Quot.sound propext,3
MassGap.LocalGap.sum_proj_idem,Classical.choice Quot.sound propext,3
MassGap.LocalGap.sum_win,Classical.choice Quot.sound propext,3
MassGap.LocalGap.win_isHermitian,Classical.choice Quot.sound propext,3
MassGap.LocalGap.win_posSemidef,Classical.choice Quot.sound propext,3
MassGap.LocalGap.win_siteProj_idem,Classical.choice Quot.sound propext,3
MassGap.LocalGauge.boltz_gauge_invariant_local,Classical.choice Quot.sound propext,3
MassGap.LocalGauge.clayState_gauge_invariant_local,Classical.choice Quot.sound propext,3
MassGap.LocalGauge.corrClay_gauge_invariant_local,Classical.choice Quot.sound propext,3
MassGap.LocalGauge.expect_gauge_invariant_local,Classical.choice Quot.sound propext,3
MassGap.LocalGauge.gaugeEquiv_apply,Classical.choice Quot.sound propext,3
MassGap.LocalGauge.gaugeEquiv_measurePreserving,Classical.choice Quot.sound propext,3
MassGap.LocalGauge.gaugeTransform_const,Classical.choice Quot.sound propext,3
MassGap.LocalGauge.hol_gaugeTransform,Classical.choice Quot.sound propext,3
MassGap.LocalGauge.linkTwoSided_measurePreserving,Classical.choice Quot.sound propext,3
MassGap.LocalGauge.plaqObs_gauge_invariant_local,Classical.choice Quot.sound propext,3
MassGap.LocalGauge.shift_comm,Classical.choice Quot.sound propext,3
MassGap.LocalGauge.wilsonAction_gauge_invariant_local,Classical.choice Quot.sound propext,3
MassGap.LocalGauge.wilsonDensity_gaugeTransform,Classical.choice Quot.sound propext,3
MassGap.LogConvex.EW_centred_refl_eq_corrHyper,Classical.choice Quot.sound propext,3
MassGap.LogConvex.EW_plaqE_pair_shift,Classical.choice Quot.sound propext,3
MassGap.LogConvex.EW_refl_cauchy_schwarz,Classical.choice Quot.sound propext,3
MassGap.LogConvex.corrClay_log_convex,Classical.choice Quot.sound propext,3
MassGap.LogConvex.corrClay_log_convex_at_extent_four,Classical.choice Quot.sound propext,3
MassGap.LogConvex.corrClay_log_convex_diagonal,Classical.choice Quot.sound propext,3
MassGap.LogConvex.corrHyper_log_convex,Classical.choice Quot.sound propext,3
MassGap.LogConvex.corrHyper_log_convex_at_plane,Classical.choice Quot.sound propext,3
MassGap.LogConvex.integrable_pairing,Classical.choice Quot.sound propext,3
MassGap.LogConvex.integrand_eq_paired_pair,Classical.choice Quot.sound propext,3
MassGap.LogConvex.localObs,Classical.choice Quot.sound propext,3
MassGap.LogConvex.localObs_bounded,Classical.choice Quot.sound propext,3
MassGap.LogConvex.localObs_local,Classical.choice Quot.sound propext,3
MassGap.LogConvex.localObs_measurable,Classical.choice Quot.sound propext,3
MassGap.LogConvex.measurable_reflConf,Classical.choice Quot.sound propext,3
MassGap.LogConvex.measurable_wPlane,Classical.choice Quot.sound propext,3
MassGap.LogConvex.mem_localObs,Classical.choice Quot.sound propext,3
MassGap.LogConvex.obsPlus_mem,Classical.choice Quot.sound propext,3
MassGap.LogConvex.pairing,Classical.choice Quot.sound propext,3
MassGap.LogConvex.pairing_add_left,Classical.choice Quot.sound propext,3
MassGap.LogConvex.pairing_nonneg,Classical.choice Quot.sound propext,3
MassGap.LogConvex.pairing_obsPlus,Classical.choice Quot.sound propext,3
MassGap.LogConvex.pairing_smul_left,Classical.choice Quot.sound propext,3
MassGap.LogConvex.pairing_symm,Classical.choice Quot.sound propext,3
MassGap.LogConvex.reflPlaq_siteAtHyper,Quot.sound propext,2
MassGap.LogConvex.siteAtHyper_axis,propext,1
MassGap.LogConvex.siteAtHyper_zero,Quot.sound propext,2
MassGap.LogConvex.wPlane_abs_le,Classical.choice Quot.sound propext,3
MassGap.LogConvex.wPlane_nonneg,Classical.choice Quot.sound propext,3
MassGap.LogConvex.wPlane_reflConf,Classical.choice Quot.sound propext,3
MassGap.LogConvex.wilsonReflForm,Classical.choice Quot.sound propext,3
MassGap.Majorization.D1_nonpos,Classical.choice Quot.sound propext,3
MassGap.Majorization.concentration_at_dominant,Classical.choice Quot.sound propext,3
MassGap.Majorization.concentration_of_majorizes,Classical.choice Quot.sound propext,3
MassGap.Majorization.entropy_antitone,Classical.choice Quot.sound propext,3
MassGap.Majorization.entropy_antitone_at_dominant,Classical.choice Quot.sound propext,3
MassGap.Majorization.entropy_antitone_of_majorizes,Classical.choice Quot.sound propext,3
MassGap.Majorization.hasDerivAt_Hseg,Classical.choice Quot.sound propext,3
MassGap.Measure.continuum_of_sorted_count,Classical.choice Quot.sound propext,3
MassGap.Measure.index_lt_of_sorted_count,Classical.choice Quot.sound propext,3
MassGap.Measure.os_gap_of_sorted_count,Classical.choice Quot.sound propext,3
MassGap.Moment.Read.cosAvg_gt_of_tension_lt_floor,Classical.choice Quot.sound propext,3
MassGap.Moment.Read.cos_avg_le_circ,Classical.choice Quot.sound propext,3
MassGap.Moment.Read.cos_theta_circ,Classical.choice Quot.sound propext,3
MassGap.Moment.Read.substrate_lt_of_tension_lt_floor,Classical.choice Quot.sound propext,3
MassGap.Moment.Read.tension_ge_floor_of_substrate,Classical.choice Quot.sound propext,3
MassGap.Moment.Read.tension_lt_floor_of_circ_moment,Classical.choice Quot.sound propext,3
MassGap.Moment.Read.tension_lt_floor_of_cosAvg,Classical.choice Quot.sound propext,3
MassGap.Moment.circ_decay_of_lag_decay,Classical.choice Quot.sound propext,3
MassGap.Moment.circ_moment_le_of_geometric,Classical.choice Quot.sound propext,3
MassGap.Moment.sum_circLag_le_two_mul,Classical.choice Quot.sound propext,3
MassGap.Moment.tension_tendsto_zero_of_bounded_circ_moment,Classical.choice Quot.sound propext,3
MassGap.MomentMeasure.H,Classical.choice Quot.sound propext,3
MassGap.MomentMeasure.MomentData,Classical.choice Quot.sound propext,3
MassGap.MomentMeasure.Pre,Classical.choice Quot.sound propext,3
MassGap.MomentMeasure.coeffs,Classical.choice Quot.sound propext,3
MassGap.MomentMeasure.coeffs_add,Classical.choice Quot.sound propext,3
MassGap.MomentMeasure.coeffs_monomial,Classical.choice Quot.sound propext,3
MassGap.MomentMeasure.coeffs_smul,Classical.choice Quot.sound propext,3
MassGap.MomentMeasure.core,Classical.choice Quot.sound propext,3
MassGap.MomentMeasure.double_sum_nonneg,Classical.choice Quot.sound propext,3
MassGap.MomentMeasure.double_sum_shift_le,Classical.choice Quot.sound propext,3
MassGap.MomentMeasure.exists_infinite_volume_representing_measure,Classical.choice Quot.sound propext,3
MassGap.MomentMeasure.exists_representing_measure,Classical.choice Quot.sound propext,3
MassGap.MomentMeasure.inner_ofPoly,Classical.choice Quot.sound propext,3
MassGap.MomentMeasure.inner_vac_opX_pow,Classical.choice Quot.sound propext,3
MassGap.MomentMeasure.instAddCommGroupPre,Classical.choice Quot.sound propext,3
MassGap.MomentMeasure.instInnerProductSpacePre,Classical.choice Quot.sound propext,3
MassGap.MomentMeasure.instIsFiniteMeasure,Classical.choice Quot.sound propext,3
MassGap.MomentMeasure.instModulePre,Classical.choice Quot.sound propext,3
MassGap.MomentMeasure.instSeminormedPre,Classical.choice Quot.sound propext,3
MassGap.MomentMeasure.integral_pow_rieszMeasure,Classical.choice Quot.sound propext,3
MassGap.MomentMeasure.isSelfAdjoint_opX,Classical.choice Quot.sound propext,3
MassGap.MomentMeasure.lam,Classical.choice Quot.sound propext,3
MassGap.MomentMeasure.lam_conj,Classical.choice Quot.sound propext,3
MassGap.MomentMeasure.lam_monomial,Classical.choice Quot.sound propext,3
MassGap.MomentMeasure.lam_shift,Classical.choice Quot.sound propext,3
MassGap.MomentMeasure.mulXL,Classical.choice Quot.sound propext,3
MassGap.MomentMeasure.mulXL_ofPoly,Classical.choice Quot.sound propext,3
MassGap.MomentMeasure.mulXₗ,Classical.choice Quot.sound propext,3
MassGap.MomentMeasure.mulXₗ_ofPoly,Classical.choice Quot.sound propext,3
MassGap.MomentMeasure.norm_mulXₗ_le,Classical.choice Quot.sound propext,3
MassGap.MomentMeasure.norm_ofPoly,Classical.choice Quot.sound propext,3
MassGap.MomentMeasure.norm_opX_le,Classical.choice Quot.sound propext,3
MassGap.MomentMeasure.ofPoly,Classical.choice Quot.sound propext,3
MassGap.MomentMeasure.ofPoly_toPoly,Classical.choice Quot.sound propext,3
MassGap.MomentMeasure.opX,Classical.choice Quot.sound propext,3
MassGap.MomentMeasure.opX_coe,Classical.choice Quot.sound propext,3
MassGap.MomentMeasure.opX_pow_vac,Classical.choice Quot.sound propext,3
MassGap.MomentMeasure.pstar,Classical.choice Quot.sound propext,3
MassGap.MomentMeasure.pstar_X,Classical.choice Quot.sound propext,3
MassGap.MomentMeasure.pstar_add,Classical.choice Quot.sound propext,3
MassGap.MomentMeasure.pstar_coeff,Classical.choice Quot.sound propext,3
MassGap.MomentMeasure.pstar_monomial,Classical.choice Quot.sound propext,3
MassGap.MomentMeasure.pstar_mul,Classical.choice Quot.sound propext,3
MassGap.MomentMeasure.pstar_one,Classical.choice Quot.sound propext,3
MassGap.MomentMeasure.pstar_pstar,Classical.choice Quot.sound propext,3
MassGap.MomentMeasure.pstar_smul,Classical.choice Quot.sound propext,3
MassGap.MomentMeasure.re_sform_self,Classical.choice Quot.sound propext,3
MassGap.MomentMeasure.re_sform_self_nonneg,Classical.choice Quot.sound propext,3
MassGap.MomentMeasure.re_sform_two_le,Classical.choice Quot.sound propext,3
MassGap.MomentMeasure.rieszMeasure,Classical.choice Quot.sound propext,3
MassGap.MomentMeasure.rieszMeasure_compl_Icc,Classical.choice Quot.sound propext,3
MassGap.MomentMeasure.rieszMeasure_ne_zero,Classical.choice Quot.sound propext,3
MassGap.MomentMeasure.rieszMeasure_univ,Classical.choice Quot.sound propext,3
MassGap.MomentMeasure.sform,Classical.choice Quot.sound propext,3
MassGap.MomentMeasure.sform_add_left,Classical.choice Quot.sound propext,3
MassGap.MomentMeasure.sform_add_right,Classical.choice Quot.sound propext,3
MassGap.MomentMeasure.sform_conj_symm,Classical.choice Quot.sound propext,3
MassGap.MomentMeasure.sform_eq_double_sum,Classical.choice Quot.sound propext,3
MassGap.MomentMeasure.sform_monomial,Classical.choice Quot.sound propext,3
MassGap.MomentMeasure.sform_mulX,Classical.choice Quot.sound propext,3
MassGap.MomentMeasure.sform_mulX_self,Classical.choice Quot.sound propext,3
MassGap.MomentMeasure.sform_smul_left,Classical.choice Quot.sound propext,3
MassGap.MomentMeasure.sform_smul_right,Classical.choice Quot.sound propext,3
MassGap.MomentMeasure.sform_zero_left,Classical.choice Quot.sound propext,3
MassGap.MomentMeasure.sform_zero_right,Classical.choice Quot.sound propext,3
MassGap.MomentMeasure.spectralMeasure,Classical.choice Quot.sound propext,3
MassGap.MomentMeasure.spectrum_opX_subset,Classical.choice Quot.sound propext,3
MassGap.MomentMeasure.state,Classical.choice Quot.sound propext,3
MassGap.MomentMeasure.stateCc,Classical.choice Quot.sound propext,3
MassGap.MomentMeasure.state_apply,Classical.choice Quot.sound propext,3
MassGap.MomentMeasure.state_nonneg,Classical.choice Quot.sound propext,3
MassGap.MomentMeasure.sum_fin_eq_sum_range,Classical.choice Quot.sound propext,3
MassGap.MomentMeasure.toPoly,Classical.choice Quot.sound propext,3
MassGap.MomentMeasure.toPoly_add,Classical.choice Quot.sound propext,3
MassGap.MomentMeasure.toPoly_ofPoly,Classical.choice Quot.sound propext,3
MassGap.MomentMeasure.toPoly_smul,Classical.choice Quot.sound propext,3
MassGap.MomentMeasure.vac,Classical.choice Quot.sound propext,3
MassGap.MomentShape.circLag_ev,Quot.sound propext,2
MassGap.MomentShape.corrClay_even_antitone,Classical.choice Quot.sound propext,3
MassGap.MomentShape.corrClay_even_antitone_at_extent_six,Classical.choice Quot.sound propext,3
MassGap.MomentShape.corrClay_even_antitone_of_nonneg_coupling,Classical.choice Quot.sound propext,3
MassGap.MomentShape.corrClay_neg,Classical.choice Quot.sound propext,3
MassGap.MomentShape.corrClay_odd_le,Classical.choice Quot.sound propext,3
MassGap.MomentShape.corrHyper_neg,Classical.choice Quot.sound propext,3
MassGap.MomentShape.eq_or_eq_neg_of_circLag_eq,Quot.sound propext,2
MassGap.MomentShape.ev,,0
MassGap.MomentShape.ev_eq,propext,1
MassGap.MomentShape.even_val_add_self,propext,1
MassGap.MomentShape.even_val_neg,Quot.sound propext,2
MassGap.MomentShape.finOf,,0
MassGap.MomentShape.finOf_add,propext,1
MassGap.MomentShape.finOf_period,Quot.sound propext,2
MassGap.MomentShape.finOf_val,,0
MassGap.MomentShape.finOf_val_of_lt,propext,1
MassGap.MomentShape.not_antitone_circLag_of_shape,Classical.choice Quot.sound propext,3
MassGap.MomentShape.odd_scaling_admissible,Classical.choice Quot.sound propext,3
MassGap.MomentShape.shape_antitone,Classical.choice Quot.sound propext,3
MassGap.MomentShape.shape_conv_top,Classical.choice Quot.sound propext,3
MassGap.MomentShape.shape_step,Classical.choice Quot.sound propext,3
MassGap.MomentShape.shape_wilsonCorrAt,Classical.choice Quot.sound propext,3
MassGap.MomentShape.shape_zero_step,Classical.choice Quot.sound propext,3
MassGap.MomentShape.wilsonCorrAt_circLag_congr,Classical.choice Quot.sound propext,3
MassGap.MomentShape.wilsonCorrAt_neg,Classical.choice Quot.sound propext,3
MassGap.NonnegArm.Flagship,Classical.choice Quot.sound propext,3
MassGap.NonnegArm.LawAbove,Classical.choice Quot.sound propext,3
MassGap.NonnegArm.LawBelow,Classical.choice Quot.sound propext,3
MassGap.NonnegArm.d2Even_eq_at_zero,Classical.choice Quot.sound propext,3
MassGap.NonnegArm.d2Even_le_of_contact_relative,Classical.choice Quot.sound propext,3
MassGap.NonnegArm.existence_and_gap_of_contact_relative_nonneg,Classical.choice Quot.sound propext,3
MassGap.NonnegArm.existence_and_gap_of_law_above_cut,Classical.choice Quot.sound propext,3
MassGap.NonnegArm.flagship_of_substrate_even,Classical.choice Quot.sound propext,3
MassGap.NonnegArm.lawBelow_holds,Classical.choice Quot.sound propext,3
MassGap.NonnegArm.measure_is_ymFamilyTension,Classical.choice Quot.sound propext,3
MassGap.NonnegArm.nonneg_hypothesis_of_unrestricted,Classical.choice Quot.sound propext,3
MassGap.NonnegArm.readEven_rho,Classical.choice Quot.sound propext,3
MassGap.NonnegArm.substrate_at_nonneg_of_contact_relative_decay_nonneg,Classical.choice Quot.sound propext wilson_reflection_positive_at,4
MassGap.NonnegArm.substrate_even_of_two_arm,Classical.choice Quot.sound propext,3
MassGap.NonnegArm.substrate_of_contact_relative_decay_nonneg,Classical.choice Quot.sound propext,3
MassGap.NonnegArm.wilsonCorrAt_nonneg,Classical.choice Quot.sound propext,3
MassGap.OSPositivity.EW_add_refl_mul,Classical.choice Quot.sound propext,3
MassGap.OSPositivity.SlabShiftContractive,Classical.choice Quot.sound propext,3
MassGap.OSPositivity.SlabShiftStable,Classical.choice Quot.sound propext,3
MassGap.OSPositivity.abs_refl_mul_le,Classical.choice Quot.sound propext,3
MassGap.OSPositivity.ceq,Classical.choice Quot.sound propext,3
MassGap.OSPositivity.cform,Classical.choice Quot.sound propext,3
MassGap.OSPositivity.cform_add_left,Classical.choice Quot.sound propext,3
MassGap.OSPositivity.cform_add_right,Classical.choice Quot.sound propext,3
MassGap.OSPositivity.cform_conj_symm,Classical.choice Quot.sound propext,3
MassGap.OSPositivity.cform_diag,Classical.choice Quot.sound propext,3
MassGap.OSPositivity.cform_diag_im_zero,Classical.choice Quot.sound propext,3
MassGap.OSPositivity.cform_diag_re_nonneg,Classical.choice Quot.sound propext,3
MassGap.OSPositivity.cform_eq_osPairing,Classical.choice Quot.sound propext,3
MassGap.OSPositivity.cform_gram,Classical.choice Quot.sound propext,3
MassGap.OSPositivity.cform_gram_im_zero,Classical.choice Quot.sound propext,3
MassGap.OSPositivity.cform_gram_re_nonneg,Classical.choice Quot.sound propext,3
MassGap.OSPositivity.cform_im,Classical.choice Quot.sound propext,3
MassGap.OSPositivity.cform_re,Classical.choice Quot.sound propext,3
MassGap.OSPositivity.cform_smul_left,Classical.choice Quot.sound propext,3
MassGap.OSPositivity.cform_smul_right,Classical.choice Quot.sound propext,3
MassGap.OSPositivity.cform_sum_left,Classical.choice Quot.sound propext,3
MassGap.OSPositivity.cform_sum_right,Classical.choice Quot.sound propext,3
MassGap.OSPositivity.cform_zero_left,Classical.choice Quot.sound propext,3
MassGap.OSPositivity.cform_zero_right,Classical.choice Quot.sound propext,3
MassGap.OSPositivity.cscal,Classical.choice Quot.sound propext,3
MassGap.OSPositivity.imObs,Classical.choice Quot.sound propext,3
MassGap.OSPositivity.localObsC,Classical.choice Quot.sound propext,3
MassGap.OSPositivity.mem_localObsC,Classical.choice Quot.sound propext,3
MassGap.OSPositivity.osPairing_im_pointwise,Classical.choice Quot.sound propext,3
MassGap.OSPositivity.osPairing_re_pointwise,Classical.choice Quot.sound propext,3
MassGap.OSPositivity.prod_mem_localObs,Classical.choice Quot.sound propext,3
MassGap.OSPositivity.reObs,Classical.choice Quot.sound propext,3
MassGap.OSPositivity.reflForm_eq_EW,Classical.choice Quot.sound propext,3
MassGap.OSPositivity.reflForm_neg_right,Classical.choice Quot.sound propext,3
MassGap.OSPositivity.shiftSlab,Classical.choice Quot.sound propext,3
MassGap.OSPositivity.slab_inner_mk,Classical.choice Quot.sound propext,3
MassGap.OSPositivity.slab_vac_norm,Classical.choice Quot.sound propext,3
MassGap.OSPositivity.wilsonSlabTransfer,Classical.choice Quot.sound propext,3
MassGap.OSPositivity.wilson_gram_nonneg_monomials,Classical.choice Quot.sound propext,3
MassGap.OSPositivity.wilson_osC_diag_im_zero,Classical.choice Quot.sound propext,3
MassGap.OSPositivity.wilson_osC_diag_re_nonneg,Classical.choice Quot.sound propext,3
MassGap.OSPositivity.wilson_osC_gram_im_zero,Classical.choice Quot.sound propext,3
MassGap.OSPositivity.wilson_osC_gram_re_nonneg,Classical.choice Quot.sound propext,3
MassGap.OSPositivity.wilson_osC_im,Classical.choice Quot.sound propext,3
MassGap.OSPositivity.wilson_osC_re,Classical.choice Quot.sound propext,3
MassGap.OddLagSplit.aObs_local,Classical.choice Quot.sound propext,3
MassGap.OddLagSplit.abs_aObs_le,Classical.choice Quot.sound propext,3
MassGap.OddLagSplit.abs_coord_crossWord_le_one,Classical.choice Quot.sound propext,3
MassGap.OddLagSplit.abs_coord_le_one_of_entries,Classical.choice Quot.sound propext,3
MassGap.OddLagSplit.actCrossO_eq_trace_sum,Classical.choice Quot.sound propext,3
MassGap.OddLagSplit.actCrossO_local,Classical.choice Quot.sound propext,3
MassGap.OddLagSplit.actPlusO_local,Classical.choice Quot.sound propext,3
MassGap.OddLagSplit.action_eq_split_odd,Classical.choice Quot.sound propext,3
MassGap.OddLagSplit.blockEquiv3,Classical.choice Quot.sound propext,3
MassGap.OddLagSplit.boltz_eq_paired_cross,Classical.choice Quot.sound propext,3
MassGap.OddLagSplit.cfgSum_inv,Classical.choice Quot.sound propext,3
MassGap.OddLagSplit.cfgSum_pair,Classical.choice Quot.sound propext,3
MassGap.OddLagSplit.corrClay_reflection_positive,Classical.choice Quot.sound propext,3
MassGap.OddLagSplit.corrClay_reflection_positive_at_extent_four,Classical.choice Quot.sound propext,3
MassGap.OddLagSplit.corrClay_rp_of_crossing,Classical.choice Quot.sound propext,3
MassGap.OddLagSplit.corrClay_rp_of_odd_lags,Classical.choice Quot.sound propext,3
MassGap.OddLagSplit.cross_word_both_handednesses,Classical.choice Quot.sound propext,3
MassGap.OddLagSplit.cross_word_left,Classical.choice Quot.sound propext,3
MassGap.OddLagSplit.cross_word_right,Classical.choice Quot.sound propext,3
MassGap.OddLagSplit.cross_word_uniform_off_plane,Classical.choice Quot.sound propext,3
MassGap.OddLagSplit.cross_word_uniform_on_plane,Classical.choice Quot.sound propext,3
MassGap.OddLagSplit.entry_blockDiagonal_fin_norm_le_one,Classical.choice Quot.sound propext,3
MassGap.OddLagSplit.exists_oddCross,Classical.choice Quot.sound propext,3
MassGap.OddLagSplit.exists_odd_lag_plane_in_half,Classical.choice Quot.sound propext,3
MassGap.OddLagSplit.hol_cfgSum_left,Classical.choice Quot.sound propext,3
MassGap.OddLagSplit.hol_cfgSum_oddCross,Classical.choice Quot.sound propext,3
MassGap.OddLagSplit.hol_cfgSum_right,Classical.choice Quot.sound propext,3
MassGap.OddLagSplit.hsReG_blockDiagonal,Classical.choice Quot.sound propext,3
MassGap.OddLagSplit.hsReG_submatrix_equiv,Classical.choice Quot.sound propext,3
MassGap.OddLagSplit.hsRe_blockDiagonal_fin,Classical.choice Quot.sound propext,3
MassGap.OddLagSplit.hsRe_crossWord_planeAct,Classical.choice Quot.sound propext,3
MassGap.OddLagSplit.hsRe_cross_word_left,Classical.choice Quot.sound propext,3
MassGap.OddLagSplit.hsRe_cross_word_right,Classical.choice Quot.sound propext,3
MassGap.OddLagSplit.hsRe_dsum_conj,Classical.choice Quot.sound propext,3
MassGap.OddLagSplit.integral_oblk_mirror,Classical.choice Quot.sound propext,3
MassGap.OddLagSplit.integral_oblk_three_block,Classical.choice Quot.sound propext,3
MassGap.OddLagSplit.integral_odd_eq_oddIntegrand,Classical.choice Quot.sound propext,3
MassGap.OddLagSplit.integral_three_block,Classical.choice Quot.sound propext,3
MassGap.OddLagSplit.invAt_invAt,Quot.sound propext,2
MassGap.OddLagSplit.invLink_measurePreserving,Classical.choice Quot.sound propext,3
MassGap.OddLagSplit.join3_mem_R,Classical.choice Quot.sound propext,3
MassGap.OddLagSplit.join3_mem_S,Classical.choice Quot.sound propext,3
MassGap.OddLagSplit.join3_mem_T,Classical.choice Quot.sound propext,3
MassGap.OddLagSplit.join3_restrict,Classical.choice Quot.sound propext,3
MassGap.OddLagSplit.lv_refl_site_odd,Quot.sound propext,2
MassGap.OddLagSplit.measurable_coord_crossWord,Classical.choice Quot.sound propext,3
MassGap.OddLagSplit.measurable_join3,Classical.choice Quot.sound propext,3
MassGap.OddLagSplit.measurable_uncurry_planeAct,Classical.choice Quot.sound propext,3
MassGap.OddLagSplit.measurePreserving_join3,Classical.choice Quot.sound propext,3
MassGap.OddLagSplit.measurePreserving_mirrorT,Classical.choice Quot.sound propext,3
MassGap.OddLagSplit.measurePreserving_relabel_twist,Classical.choice Quot.sound propext,3
MassGap.OddLagSplit.mem_oblkR,Classical.choice Quot.sound propext,3
MassGap.OddLagSplit.mirrorEquivTS,Classical.choice Quot.sound propext,3
MassGap.OddLagSplit.mixedAct_eq_planeAct_invAt,Quot.sound propext,2
MassGap.OddLagSplit.mixedAct_invAt_eq_planeAct,Quot.sound propext,2
MassGap.OddLagSplit.mixedAct_invAt_mul,Quot.sound propext,2
MassGap.OddLagSplit.negctl_cross_not_exchanged,Classical.choice Quot.sound propext,3
MassGap.OddLagSplit.negctl_dsum_one_sided_not_invariant,Classical.choice Quot.sound propext,3
MassGap.OddLagSplit.negctl_mirrorT_daggers_axis,Classical.choice Quot.sound propext,3
MassGap.OddLagSplit.negctl_odd_discharge_needs_nonneg_coupling,Classical.choice Quot.sound propext,3
MassGap.OddLagSplit.negctl_odd_gap_all_centrings,Classical.choice Quot.sound propext,3
MassGap.OddLagSplit.negctl_opposite_order_differs,Classical.choice Quot.sound propext,3
MassGap.OddLagSplit.negctl_paired_sum_is_nonneg,Classical.choice Quot.sound propext,3
MassGap.OddLagSplit.negctl_parity_needs_even_extent,Classical.choice Quot.sound propext,3
MassGap.OddLagSplit.negctl_plane_assignment_collides_at_m_one,Classical.choice Quot.sound propext,3
MassGap.OddLagSplit.negctl_su2_handedness_needs_substitution,Classical.choice Quot.sound propext,3
MassGap.OddLagSplit.negctl_su2_noncomm,Classical.choice Quot.sound propext,3
MassGap.OddLagSplit.negctl_su_one_no_witness,Classical.choice Quot.sound propext,3
MassGap.OddLagSplit.negctl_su_one_trace,Classical.choice Quot.sound propext,3
MassGap.OddLagSplit.negctl_sum_identity_positive,Classical.choice Quot.sound propext,3
MassGap.OddLagSplit.no_half_function_for_straddling_sum,Classical.choice Quot.sound propext,3
MassGap.OddLagSplit.oblkR_fixed,Classical.choice Quot.sound propext,3
MassGap.OddLagSplit.oblkR_nonempty,Classical.choice Quot.sound propext,3
MassGap.OddLagSplit.oblkS_disjoint_oblkR,Classical.choice Quot.sound propext,3
MassGap.OddLagSplit.oblkS_disjoint_oblkT,Classical.choice Quot.sound propext,3
MassGap.OddLagSplit.oblkS_maps_oblkT,Classical.choice Quot.sound propext,3
MassGap.OddLagSplit.oblkT_disjoint_oblkR,Classical.choice Quot.sound propext,3
MassGap.OddLagSplit.oblkT_maps_oblkS,Classical.choice Quot.sound propext,3
MassGap.OddLagSplit.oblk_cover,Classical.choice Quot.sound propext,3
MassGap.OddLagSplit.oblk_union_univ,Classical.choice Quot.sound propext,3
MassGap.OddLagSplit.oddCross_four_dim,Classical.choice Quot.sound propext,3
MassGap.OddLagSplit.oddIntegrand_join,Classical.choice Quot.sound propext,3
MassGap.OddLagSplit.odd_crossing_integral_nonneg,Classical.choice Quot.sound propext,3
MassGap.OddLagSplit.odd_degenerate_axis_plaquette_straddles,Classical.choice Quot.sound propext,3
MassGap.OddLagSplit.oplaq_links_minus,Classical.choice Quot.sound propext,3
MassGap.OddLagSplit.oplaq_links_plus,Classical.choice Quot.sound propext,3
MassGap.OddLagSplit.oplaq_side,Classical.choice Quot.sound propext,3
MassGap.OddLagSplit.oplqCross_gauge_same_plane,propext,1
MassGap.OddLagSplit.oplqCross_oddCross,Classical.choice Quot.sound propext,3
MassGap.OddLagSplit.oplqCross_reads_both,Classical.choice Quot.sound propext,3
MassGap.OddLagSplit.oreflPlaq_cross_mem_cross,Classical.choice Quot.sound propext,3
MassGap.OddLagSplit.oreflPlaq_minus_mem_plus,Classical.choice Quot.sound propext,3
MassGap.OddLagSplit.oreflPlaq_plus_mem_minus,Classical.choice Quot.sound propext,3
MassGap.OddLagSplit.planeARaw_sLinkOf,Classical.choice Quot.sound propext,3
MassGap.OddLagSplit.planeActOpp_eq_planeAct_inv,Quot.sound propext,2
MassGap.OddLagSplit.planeActOpp_mul,Quot.sound propext,2
MassGap.OddLagSplit.planeAct_measurePreserving,Classical.choice Quot.sound propext,3
MassGap.OddLagSplit.planeAct_mul,Quot.sound propext,2
MassGap.OddLagSplit.planeBRaw_sLinkOf,Classical.choice Quot.sound propext,3
MassGap.OddLagSplit.plane_group_haar,Classical.choice Quot.sound propext,3
MassGap.OddLagSplit.plaqReflPositive_odd,Classical.choice Quot.sound propext,3
MassGap.OddLagSplit.plaqReflPositive_odd_of_crossing,Classical.choice Quot.sound propext,3
MassGap.OddLagSplit.plaqReflPositive_of_integral,Classical.choice Quot.sound propext,3
MassGap.OddLagSplit.re_tr_hol_block,Classical.choice Quot.sound propext,3
MassGap.OddLagSplit.re_tr_hol_cross,Classical.choice Quot.sound propext,3
MassGap.OddLagSplit.re_tr_hol_swap,Classical.choice Quot.sound propext,3
MassGap.OddLagSplit.re_trace_flip,Classical.choice Quot.sound propext,3
MassGap.OddLagSplit.re_trace_inv,Classical.choice Quot.sound propext,3
MassGap.OddLagSplit.reflConf_cfgSum,Classical.choice Quot.sound propext,3
MassGap.OddLagSplit.reflConf_joinO_mirror,Classical.choice Quot.sound propext,3
MassGap.OddLagSplit.reflLink_fixed_shift,Quot.sound propext,2
MassGap.OddLagSplit.reflLink_tLinkOf,Classical.choice Quot.sound propext,3
MassGap.OddLagSplit.straddling_sum_not_matrix_paired_at_odd_lag,Classical.choice Quot.sound propext,3
MassGap.OddLagSplit.straddling_sum_not_paired_at_odd_lag,Classical.choice Quot.sound propext,3
MassGap.OddLagSplit.sum_hsRe_cross_word,Classical.choice Quot.sound propext,3
MassGap.OddLagSplit.sum_hsRe_cross_word_gauge_invariant,Classical.choice Quot.sound propext,3
MassGap.OddLagSplit.sum_oplaq_split,Classical.choice Quot.sound propext,3
MassGap.OddLagSplit.sum_oplqDeg_zero,Classical.choice Quot.sound propext,3
MassGap.OddLagSplit.sum_oplqMinus_eq_plus_refl,Classical.choice Quot.sound propext,3
MassGap.OddLagSplit.sum_re_tr_cfgSum,Classical.choice Quot.sound propext,3
MassGap.OddLagSplit.sum_re_tr_one,Classical.choice Quot.sound propext,3
MassGap.OddLagSplit.sum_re_tr_oplqCross,Classical.choice Quot.sound propext,3
MassGap.OddLagSplit.sum_val_shift_parity,Classical.choice Quot.sound propext,3
MassGap.OddLagSplit.trace_su_mul_comm,Classical.choice Quot.sound propext,3
MassGap.OddLagSplit.transverse_plaq_links_in_oblkS,Classical.choice Quot.sound propext,3
MassGap.PlaqCount.boltz_eq_std,Classical.choice Quot.sound propext,3
MassGap.PlaqCount.coe_inv_eq_conjTranspose,Classical.choice Quot.sound propext,3
MassGap.PlaqCount.hol_diag,Classical.choice Quot.sound propext,3
MassGap.PlaqCount.hol_swap,Classical.choice Quot.sound propext,3
MassGap.PlaqCount.hol_word,Classical.choice Quot.sound propext,3
MassGap.PlaqCount.plaq_ordered_double_counts,Classical.choice Quot.sound propext,3
MassGap.PlaqCount.re_trace_inv,Classical.choice Quot.sound propext,3
MassGap.PlaqCount.sum_pair_eq_two_mul_lt,Classical.choice Quot.sound propext,3
MassGap.PlaqCount.sysWilson_action,Classical.choice Quot.sound propext,3
MassGap.PlaqCount.sysWilson_action_eq_two_mul,Classical.choice Quot.sound propext,3
MassGap.PlaqCount.wilsonDensity_hol_diag,Classical.choice Quot.sound propext,3
MassGap.PlaqCount.wilsonDensity_hol_swap,Classical.choice Quot.sound propext,3
MassGap.PlaqVariance.corrClay_zero_eq,Classical.choice Quot.sound propext,3
MassGap.PlaqVariance.corrClay_zero_pos,Classical.choice Quot.sound propext,3
MassGap.PlaqVariance.corrClay_zero_pos_at_zero_coupling,Classical.choice Quot.sound propext,3
MassGap.PlaqVariance.corrClay_zero_pos_smallest_lattice,Classical.choice Quot.sound propext,3
MassGap.PlaqVariance.obs_confAB,Classical.choice Quot.sound propext,3
MassGap.PlaqVariance.su_one_has_no_two_values,Classical.choice Quot.sound propext,3
MassGap.PlaqVariance.wilsonCorrConn_self_eq_zero_of_trivial,Classical.choice Quot.sound propext,3
MassGap.PlaqVariance.wilsonCorrConn_self_pos,Classical.choice Quot.sound propext,3
MassGap.PlaqVariance.wilsonDensity_comm,Classical.choice Quot.sound propext,3
MassGap.PlaqVariance.wilson_reflection_positive_input,Classical.choice Quot.sound propext,3
MassGap.PowerTail.contactFloor_below_every_level,Classical.choice Quot.sound propext,3
MassGap.PowerTail.contactFloor_explicit,Classical.choice Quot.sound propext,3
MassGap.PowerTail.contact_relative_at_zero_coupling,Classical.choice Quot.sound propext,3
MassGap.PowerTail.contact_value_pos_at_zero_coupling,Classical.choice Quot.sound propext,3
MassGap.PowerTail.corrClay_at_zero_coupling,Classical.choice Quot.sound propext,3
MassGap.PowerTail.corrClay_eq_conn,Classical.choice Quot.sound propext,3
MassGap.PowerTail.floor_route_constant_unbounded,Classical.choice Quot.sound propext,3
MassGap.PowerTail.floor_route_nonvacuous,Classical.choice Quot.sound propext,3
MassGap.PowerTail.haar_comparison_forces_vanishing,Classical.choice Quot.sound propext,3
MassGap.PowerTail.handle,Quot.sound propext,2
MassGap.PowerTail.hol_linkTranslate_clay_fixed,Classical.choice Quot.sound propext,3
MassGap.PowerTail.hol_linkTranslate_lag,Classical.choice Quot.sound propext,3
MassGap.PowerTail.hol_plaq_eq,Classical.choice Quot.sound propext,3
MassGap.PowerTail.integral_prod_hol_factor,Classical.choice Quot.sound propext,3
MassGap.PowerTail.lagPlaq,Quot.sound propext,2
MassGap.PowerTail.shift_apply_of_ne,propext,1
MassGap.PowerTail.shift_apply_self,propext,1
MassGap.PowerTail.siteAtHyper_apply_of_ne,propext,1
MassGap.PowerTail.siteAtHyper_apply_self,propext,1
MassGap.PowerTail.substrate_of_haar_comparison,Classical.choice Quot.sound propext wilson_reflection_positive_at,4
MassGap.PowerTail.wilsonCorrAt_at_zero_coupling,Classical.choice Quot.sound propext,3
MassGap.ReadLayer.antipodeRead_cosAvg_eq_neg_one,Classical.choice Quot.sound propext,3
MassGap.ReadLayer.antipodeRead_entropy_eq_zero,Classical.choice Quot.sound propext,3
MassGap.ReadLayer.antipodeRead_reads_confined,Classical.choice Quot.sound propext,3
MassGap.ReadLayer.antipodeRead_theta_eq_pi,Classical.choice Quot.sound propext,3
MassGap.ReadLayer.attenuation_interval_bounds,Classical.choice Quot.sound propext,3
MassGap.ReadLayer.attenuation_weyl_certified,Classical.choice Quot.sound propext,3
MassGap.ReadLayer.confines_at_an_aperture_of_certified,Classical.choice Quot.sound propext,3
MassGap.ReadLayer.cosAvg_eq_ratio,Classical.choice Quot.sound propext,3
MassGap.ReadLayer.cosAvg_pos_of_certified,Classical.choice Quot.sound propext,3
MassGap.ReadLayer.entropy_nonneg_le_log,Classical.choice Quot.sound propext,3
MassGap.ReadLayer.fill_fraction_entropy_bounds,Classical.choice Quot.sound propext,3
MassGap.ReadLayer.noise_floor_monotone,Classical.choice Quot.sound propext,3
MassGap.ReadLayer.ratio_bounds,Classical.choice Quot.sound propext,3
MassGap.ReadLayer.read_entropy_bounds,Classical.choice Quot.sound propext,3
MassGap.ReadLayer.read_fill_fraction_bounds,Classical.choice Quot.sound propext,3
MassGap.ReadLayer.reads_confined_of_cosAvg_lt_neg,Classical.choice Quot.sound propext,3
MassGap.ReadLayer.resolved_count_certified,Classical.choice Quot.sound propext,3
MassGap.ReadLayer.resolved_dim_antitone,Classical.choice Quot.sound propext,3
MassGap.ReadLayer.separated_of_disjoint_intervals,Classical.choice Quot.sound propext,3
MassGap.ReadLayer.spectral_read_congruence,Classical.choice Quot.sound propext,3
MassGap.ReadLayer.spectral_read_orthogonal,Classical.choice Quot.sound propext,3
MassGap.ReadLayer.tension_certified_interval,Classical.choice Quot.sound propext,3
MassGap.ReadLayer.tension_eq_log_sub,Classical.choice Quot.sound propext,3
MassGap.ReadLayer.tension_eq_neg_log_abs,Classical.choice Quot.sound propext,3
MassGap.ReadLayer.tension_lt_floor_of_certified,Classical.choice Quot.sound propext,3
MassGap.ReadLayer.weyl_top_of_rayleigh,Classical.choice Quot.sound propext,3
MassGap.ReadLayer.μEven_lt_floor_of_certified,Classical.choice Quot.sound propext,3
MassGap.Reconstruction.clayMass_concrete,Classical.choice Quot.sound propext,3
MassGap.Reconstruction.clayMass_ym,Classical.choice Quot.sound propext wilson_reflection_positive_at,4
MassGap.Reconstruction.concreteGapped,Classical.choice Quot.sound propext,3
MassGap.Reconstruction.gapped_of_aperture_margin,Classical.choice Quot.sound propext,3
MassGap.Reconstruction.gapped_of_positive_decay,Classical.choice Quot.sound propext,3
MassGap.Reconstruction.hamiltonian_mem_spectrum,Classical.choice Quot.sound propext,3
MassGap.Reconstruction.isGreatest_admissibleGaps,Classical.choice Quot.sound propext,3
MassGap.Reconstruction.mass_finite_concrete,Classical.choice Quot.sound propext,3
MassGap.Reconstruction.mass_finite_ym,Classical.choice Quot.sound propext wilson_reflection_positive_at,4
MassGap.Reconstruction.multiModeGapped,Classical.choice Quot.sound propext,3
MassGap.Reconstruction.neg_log_mem_spectrum_hamiltonian_diagOp,Classical.choice Quot.sound propext,3
MassGap.RefinementLaw.confinesAtAnAperture_of_uniform_cosAvg,Classical.choice Quot.sound propext wilson_reflection_positive_at,4
MassGap.RefinementLaw.cosAvgEven_eq,Classical.choice Quot.sound propext wilson_reflection_positive_at,4
MassGap.RefinementLaw.hamiltonian_refined,Classical.choice Quot.sound propext,3
MassGap.RefinementLaw.isGreatest_refined,Classical.choice Quot.sound propext,3
MassGap.RefinementLaw.isSelfAdjoint_refined,Classical.choice Quot.sound propext,3
MassGap.RefinementLaw.one_aperture_does_not_give_a_uniform_floor,Classical.choice Quot.sound propext,3
MassGap.RefinementLaw.physical_hamiltonian_refinement_invariant,Classical.choice Quot.sound propext,3
MassGap.RefinementLaw.reconstructed_gap_refinement_invariant,Classical.choice Quot.sound propext,3
MassGap.RefinementLaw.refined,Classical.choice Quot.sound propext,3
MassGap.RefinementLaw.refined_pow,Classical.choice Quot.sound propext,3
MassGap.RefinementLaw.refinement_law_at_spectrum,Classical.choice Quot.sound propext,3
MassGap.RefinementLaw.spectrum_refined,Classical.choice Quot.sound propext,3
MassGap.RefinementLaw.spectrum_refined_gap,Classical.choice Quot.sound propext,3
MassGap.Reflect.bd_reflect_axis_fst,Quot.sound propext,2
MassGap.Reflect.bd_reflect_axis_snd,Quot.sound propext,2
MassGap.Reflect.bd_reflect_transverse,Quot.sound propext,2
MassGap.Reflect.daggerAxis_measurePreserving,Classical.choice Quot.sound propext,3
MassGap.Reflect.expect_reflect_invariant,Classical.choice Quot.sound propext,3
MassGap.Reflect.hol_reflConf,Classical.choice Quot.sound propext,3
MassGap.Reflect.isInvInvariant_probHaar,Classical.choice Quot.sound propext,3
MassGap.Reflect.reflConf_involutive,Quot.sound propext,2
MassGap.Reflect.reflConf_measurePreserving,Classical.choice Quot.sound propext,3
MassGap.Reflect.reflLink_involutive,Quot.sound propext,2
MassGap.Reflect.reflPlaq_involutive,Quot.sound propext,2
MassGap.Reflect.reflSite_involutive,Quot.sound propext,2
MassGap.Reflect.reflect_action_invariant,Classical.choice Quot.sound propext,3
MassGap.ReflectPositive.EW_pair_sub_const,Classical.choice Quot.sound propext,3
MassGap.ReflectPositive.EW_plaqE_lag,Classical.choice Quot.sound propext,3
MassGap.ReflectPositive.bd_link_dir_ne,propext,1
MassGap.ReflectPositive.bd_link_tau_coord,propext,1
MassGap.ReflectPositive.corrClay_rp_of,Classical.choice Quot.sound propext,3
MassGap.ReflectPositive.corrHyper_eq_pairing,Classical.choice Quot.sound propext,3
MassGap.ReflectPositive.corrHyper_nonneg_of_reflPositive,Classical.choice Quot.sound propext,3
MassGap.ReflectPositive.corrHyper_rp_of,Classical.choice Quot.sound propext,3
MassGap.ReflectPositive.corrHyper_unfold,Classical.choice Quot.sound propext,3
MassGap.ReflectPositive.corrNum_pair_sub_const,Classical.choice Quot.sound propext,3
MassGap.ReflectPositive.oddObs_odd,Classical.choice Quot.sound propext,3
MassGap.ReflectPositive.pairing_nonpos_of_odd,Classical.choice Quot.sound propext,3
MassGap.ReflectPositive.plaqE_lag,Classical.choice Quot.sound propext,3
MassGap.ReflectPositive.plaqE_reflConf,Classical.choice Quot.sound propext,3
MassGap.ReflectPositive.plaq_link_ne_refl,Quot.sound propext,2
MassGap.ReflectPositive.reflLink_tau_coord,propext,1
MassGap.ReflectPositive.reflPlaq_origin,Quot.sound propext,2
MassGap.ReflectPositive.sum_pos_of_head_pos,Classical.choice Quot.sound propext,3
MassGap.ReflectionPositivity.action_on_congr_of_support,Classical.choice Quot.sound propext,3
MassGap.ReflectionPositivity.action_split,Classical.choice Quot.sound propext,3
MassGap.ReflectionPositivity.hol_congr_on_support,Classical.choice Quot.sound propext,3
MassGap.ReflectionPositivity.pairing_with_reflection_nonneg,Classical.choice Quot.sound propext,3
MassGap.ReflectionPositivity.reflection_positive_at_zero,Classical.choice Quot.sound propext,3
MassGap.ReflectionPositivity.reflection_positive_of_expansion,Classical.choice Quot.sound propext,3
MassGap.ReflectionPositivity.reflection_positive_of_paired,Classical.choice Quot.sound propext,3
MassGap.ReflectionPositivity.relabel_measurePreserving,Classical.choice Quot.sound propext,3
MassGap.ReflectionStrong.actPlus_local,Classical.choice Quot.sound propext,3
MassGap.ReflectionStrong.corrClay_even_sum_pos,Classical.choice Quot.sound propext,3
MassGap.ReflectionStrong.corrClay_nonneg_even_lag,Classical.choice Quot.sound propext,3
MassGap.ReflectionStrong.corrClay_nonneg_even_lag_at_negative_coupling,Classical.choice Quot.sound propext,3
MassGap.ReflectionStrong.corrClay_reflection_positive_via_module,Classical.choice Quot.sound propext,3
MassGap.ReflectionStrong.corrHyper_nonneg_even_lag_of_module,Classical.choice Quot.sound propext,3
MassGap.ReflectionStrong.corrNum_refl_eq_pairing,Classical.choice Quot.sound propext,3
MassGap.ReflectionStrong.dressed,Classical.choice Quot.sound propext,3
MassGap.ReflectionStrong.dressed_add,Classical.choice Quot.sound propext,3
MassGap.ReflectionStrong.dressed_mem,Classical.choice Quot.sound propext,3
MassGap.ReflectionStrong.dressed_smul,Classical.choice Quot.sound propext,3
MassGap.ReflectionStrong.form_sum_left,Classical.choice Quot.sound propext,3
MassGap.ReflectionStrong.form_sum_sum,Classical.choice Quot.sound propext,3
MassGap.ReflectionStrong.halfBoltz,Classical.choice Quot.sound propext,3
MassGap.ReflectionStrong.halfBoltz_mem,Classical.choice Quot.sound propext,3
MassGap.ReflectionStrong.integrand_eq_paired_obs,Classical.choice Quot.sound propext,3
MassGap.ReflectionStrong.mul_mem_localObs,Classical.choice Quot.sound propext,3
MassGap.ReflectionStrong.one_mem_localObs,Classical.choice Quot.sound propext,3
MassGap.ReflectionStrong.pairing_add_right,Classical.choice Quot.sound propext,3
MassGap.ReflectionStrong.pairing_gram_nonneg,Classical.choice Quot.sound propext,3
MassGap.ReflectionStrong.pairing_smul_right,Classical.choice Quot.sound propext,3
MassGap.ReflectionStrong.plaqObs_sub_const_mem,Classical.choice Quot.sound propext,3
MassGap.ReflectionStrong.plaqReflPositive_even_lag_of_module,Classical.choice Quot.sound propext,3
MassGap.ReflectionStrong.plaqReflPositive_of_module,Classical.choice Quot.sound propext,3
MassGap.ReflectionStrong.reflForm_eq_pairing,Classical.choice Quot.sound propext,3
MassGap.ReflectionStrong.wilsonGibbsReflForm,Classical.choice Quot.sound propext,3
MassGap.ReflectionStrong.wilsonGibbsReflForm_vac_norm,Classical.choice Quot.sound propext,3
MassGap.ReflectionStrong.wilson_expect_gram_nonneg,Classical.choice Quot.sound propext,3
MassGap.ReflectionStrong.wilson_expect_nonneg_module,Classical.choice Quot.sound propext,3
MassGap.ReflectionStrong.wilson_pairing_nonneg_module,Classical.choice Quot.sound propext,3
MassGap.SUN.haar_su2_balanced_four,Classical.choice Quot.sound propext,3
MassGap.SUN.haar_su2_char_norm,Classical.choice Quot.sound propext,3
MassGap.SUN.haar_su2_coeff_zero,Classical.choice Quot.sound propext,3
MassGap.SUN.haar_su2_diag_sq_half,Classical.choice Quot.sound propext,3
MassGap.SUN.haar_su2_fourth_moment_diag_bounds,Classical.choice Quot.sound propext,3
MassGap.SUN.haar_su2_fourth_moment_unbalanced,Classical.choice Quot.sound propext,3
MassGap.SUN.haar_su2_frobenius_sum,Classical.choice Quot.sound propext,3
MassGap.SUN.haar_su2_re_trace_zero,Classical.choice Quot.sound propext,3
MassGap.SUN.haar_su2_second_moment,Classical.choice Quot.sound propext,3
MassGap.SUN.haar_su2_second_moment_offdiag,Classical.choice Quot.sound propext,3
MassGap.SUN.haar_su2_shared_link,Classical.choice Quot.sound propext,3
MassGap.SUN.haar_su2_third_moment,Classical.choice Quot.sound propext,3
MassGap.SUN.haar_su2_trace_mul_zero,Classical.choice Quot.sound propext,3
MassGap.SUN.haar_su2_trace_zero,Classical.choice Quot.sound propext,3
MassGap.SUN.haar_su2_transfer,Classical.choice Quot.sound propext,3
MassGap.SUN.haar_su2_transfer_annihilates,Classical.choice Quot.sound propext,3
MassGap.SUN.haar_su2_two_fund,Classical.choice Quot.sound propext,3
MassGap.SUN.haar_su2_two_link_trace_zero,Classical.choice Quot.sound propext,3
MassGap.SUN.haar_su2_two_point,Classical.choice Quot.sound propext,3
MassGap.SUN.isCompact_coe,Classical.choice Quot.sound propext,3
MassGap.SUN.su2_conj_01,Classical.choice Quot.sound propext,3
MassGap.SUN.su2_star_eq,Classical.choice Quot.sound propext,3
MassGap.SUN.su2_trace_real,Classical.choice Quot.sound propext,3
MassGap.SUN.su_expect_invariant,Classical.choice Quot.sound propext,3
MassGap.SUN.transferOp_idem,Classical.choice Quot.sound propext,3
MassGap.SUN.transferOp_pow,Classical.choice Quot.sound propext,3
MassGap.SUN.transferOp_pow_annihilates,Classical.choice Quot.sound propext,3
MassGap.Schwinger.even_moment_le,Classical.choice Quot.sound propext,3
MassGap.Schwinger.exists_even_extent_limit,Classical.choice Quot.sound propext,3
MassGap.Schwinger.exists_filter_tendsto_all,Classical.choice Quot.sound propext,3
MassGap.Schwinger.exists_infinite_volume_bounded_moment_data,Classical.choice Quot.sound propext,3
MassGap.Schwinger.exists_pow_gt,Classical.choice Quot.sound propext,3
MassGap.Schwinger.exists_subseq_tendsto_all,Classical.choice Quot.sound propext,3
MassGap.Schwinger.hankel_psd_at_even_extent,Classical.choice Quot.sound propext,3
MassGap.Schwinger.limit_abs_le_geometric,Classical.choice Quot.sound propext,3
MassGap.Schwinger.limit_abs_le_pow,Classical.choice Quot.sound propext,3
MassGap.Schwinger.limit_hankel_psd,Classical.choice Quot.sound propext,3
MassGap.Schwinger.limit_hankel_psd_two,Classical.choice Quot.sound propext,3
MassGap.Schwinger.limit_zero_ge,Classical.choice Quot.sound propext,3
MassGap.Schwinger.one_add_mul_le_pow_self,Classical.choice Quot.sound propext,3
MassGap.Schwinger.ratio_le_of_geometric,Classical.choice Quot.sound propext,3
MassGap.Schwinger.shiftForm,Classical.choice Quot.sound propext,3
MassGap.Schwinger.shiftForm_le_geometric,Classical.choice Quot.sound propext,3
MassGap.Schwinger.shiftForm_nonneg,Classical.choice Quot.sound propext,3
MassGap.Schwinger.shiftForm_one_le,Classical.choice Quot.sound propext,3
MassGap.Schwinger.shiftForm_quad,Classical.choice Quot.sound propext,3
MassGap.Schwinger.shift_two_le,Classical.choice Quot.sound propext,3
MassGap.Schwinger.sq_le_of_quad_nonneg,Classical.choice Quot.sound propext,3
MassGap.Schwinger.sum_prod_bool_split,Classical.choice Quot.sound propext,3
MassGap.Schwinger.summable_mul_of_bounded,Classical.choice Quot.sound propext,3
MassGap.Schwinger.summable_of_geometric,Classical.choice Quot.sound propext,3
MassGap.ScreenedGap.edge_raw_sub_residual,Classical.choice Quot.sound propext,3
MassGap.ScreenedGap.edge_residual_le_raw,Classical.choice Quot.sound propext,3
MassGap.ScreenedGap.gap_bound_box_independent,Classical.choice Quot.sound propext,3
MassGap.ScreenedGap.gap_survives_thermodynamic_limit,Classical.choice Quot.sound propext,3
MassGap.ScreenedGap.physical_gap_of_tension_at_screen,Classical.choice Quot.sound propext,3
MassGap.ScreenedGap.resolvedDim_antitone_edge,Classical.choice Quot.sound propext,3
MassGap.ScreenedGap.resolvedDim_ceiling,Classical.choice Quot.sound propext,3
MassGap.ScreenedGap.resolvedDim_le_of_tension,Classical.choice Quot.sound propext,3
MassGap.ScreenedGap.resolved_count_ceiling,Classical.choice Quot.sound propext,3
MassGap.ScreenedGap.resolved_count_under_reported_of_raw_edge,Classical.choice Quot.sound propext,3
MassGap.ScreenedGap.screened_gap_and_continuum,Classical.choice Quot.sound propext,3
MassGap.ScreenedGap.under_report_is_strict,Classical.choice Quot.sound propext,3
MassGap.ScreenedGap.uniform_physical_gap,Classical.choice Quot.sound propext,3
MassGap.ScreenedGap.uniform_physical_gap_pos,Classical.choice Quot.sound propext,3
MassGap.ShapeNoGo.ShapeFacts,Classical.choice Quot.sound propext,3
MassGap.ShapeNoGo.cosAvg,Classical.choice Quot.sound propext,3
MassGap.ShapeNoGo.cosAvgEven_eq,Classical.choice Quot.sound propext,3
MassGap.ShapeNoGo.flatRead,Classical.choice Quot.sound propext,3
MassGap.ShapeNoGo.flatRead_eq_default,Classical.choice Quot.sound propext,3
MassGap.ShapeNoGo.flatRead_shapeFacts,Classical.choice Quot.sound propext,3
MassGap.ShapeNoGo.flat_cosAvg,Classical.choice Quot.sound propext,3
MassGap.ShapeNoGo.flat_cosAvg_eq_zero,Classical.choice Quot.sound propext,3
MassGap.ShapeNoGo.shape_facts_do_not_imply_confinement,Classical.choice Quot.sound propext,3
MassGap.ShapeNoGo.shape_facts_do_not_imply_confinement',Classical.choice Quot.sound propext,3
MassGap.ShapeNoGo.wilsonCorrAt_shapeFacts,Classical.choice Quot.sound propext,3
MassGap.ShareEnvelope.circ_moment_le_of_contact_relative,Classical.choice Quot.sound propext,3
MassGap.ShareEnvelope.circ_moment_le_of_dyadic_shares,Classical.choice Quot.sound propext,3
MassGap.ShareEnvelope.circ_moment_le_of_share_doubling,Classical.choice Quot.sound propext,3
MassGap.ShareEnvelope.confinement_of_contact_relative_decay,Classical.choice Quot.sound propext wilson_reflection_positive_at,4
MassGap.ShareEnvelope.confinement_of_share_doubling,Classical.choice Quot.sound propext wilson_reflection_positive_at,4
MassGap.ShareEnvelope.contact_relative_is_strictly_stronger,Classical.choice Quot.sound propext,3
MassGap.ShareEnvelope.contact_relative_load_bearing,Classical.choice Quot.sound propext,3
MassGap.ShareEnvelope.contact_relative_nonvacuous,Classical.choice Quot.sound propext,3
MassGap.ShareEnvelope.contact_relative_scale_invariant,Classical.choice Quot.sound propext,3
MassGap.ShareEnvelope.cubic_contact_relative_gives_no_bound,Classical.choice Quot.sound propext,3
MassGap.ShareEnvelope.cubic_contact_relative_is_not_enough,Classical.choice Quot.sound propext,3
MassGap.ShareEnvelope.doubling_load_bearing,Classical.choice Quot.sound propext,3
MassGap.ShareEnvelope.doubling_nonvacuous,Classical.choice Quot.sound propext,3
MassGap.ShareEnvelope.dyadic_shares_le_of_circ_moment,Classical.choice Quot.sound propext,3
MassGap.ShareEnvelope.dyadic_shares_of_substrate,Classical.choice Quot.sound propext wilson_reflection_positive_at,4
MassGap.ShareEnvelope.farShare_antitone,Classical.choice Quot.sound propext,3
MassGap.ShareEnvelope.farShare_doubling_iff_tail_mass,Classical.choice Quot.sound propext,3
MassGap.ShareEnvelope.farShare_le_of_contact_relative,Classical.choice Quot.sound propext,3
MassGap.ShareEnvelope.mass_floor_is_not_scale_free,Classical.choice Quot.sound propext,3
MassGap.ShareEnvelope.quarter_doubling_gives_no_bound,Classical.choice Quot.sound propext,3
MassGap.ShareEnvelope.quarter_doubling_is_not_enough,Classical.choice Quot.sound propext,3
MassGap.ShareEnvelope.substrate_iff_dyadic_shares,Classical.choice Quot.sound propext wilson_reflection_positive_at,4
MassGap.ShareEnvelope.substrate_of_contact_relative_decay,Classical.choice Quot.sound propext wilson_reflection_positive_at,4
MassGap.ShareEnvelope.substrate_of_contact_relative_share,Classical.choice Quot.sound propext wilson_reflection_positive_at,4
MassGap.ShareEnvelope.substrate_of_dyadic_shares,Classical.choice Quot.sound propext wilson_reflection_positive_at,4
MassGap.ShareEnvelope.substrate_of_inverse_eighth_decay,Classical.choice Quot.sound propext wilson_reflection_positive_at,4
MassGap.ShareEnvelope.substrate_of_share_doubling,Classical.choice Quot.sound propext wilson_reflection_positive_at,4
MassGap.ShareEnvelope.substrate_of_tail_mass_doubling,Classical.choice Quot.sound propext wilson_reflection_positive_at,4
MassGap.ShareEnvelope.yang_mills_of_contact_relative_decay,Classical.choice Quot.sound propext wilson_reflection_positive_at,4
MassGap.ShareEnvelope.yang_mills_of_inverse_eighth_decay,Classical.choice Quot.sound propext wilson_reflection_positive_at,4
MassGap.ShareEnvelope.yang_mills_of_share_doubling,Classical.choice Quot.sound propext wilson_reflection_positive_at,4
MassGap.Sharp.cos_avg_ge_cos_rms,Classical.choice Quot.sound propext,3
MassGap.Sharp.cos_avg_ge_tangent,Classical.choice Quot.sound propext,3
MassGap.Sharp.cos_ge_tangent,Classical.choice Quot.sound propext,3
MassGap.Sharp.sinc_strictAntiOn,Classical.choice Quot.sound propext,3
MassGap.SimpleGroup.coe_eq_one_or_neg_one_of_mem_center,Classical.choice Quot.sound propext,3
MassGap.SimpleGroup.exists_mem_center_ne_one,Classical.choice Quot.sound propext,3
MassGap.SimpleGroup.expect_invariant_haar_of_not_isSimpleGroup,Classical.choice Quot.sound propext,3
MassGap.SimpleGroup.j2_k2_not_comm,Classical.choice Quot.sound propext,3
MassGap.SimpleGroup.matrix_scalar_fin_two,Classical.choice Quot.sound propext,3
MassGap.SimpleGroup.mem_center_SU_two_iff,Classical.choice Quot.sound propext,3
MassGap.SimpleGroup.mem_center_of_coe_smul_one,Classical.choice Quot.sound propext,3
MassGap.SimpleGroup.negOne2_ne_one,Classical.choice Quot.sound propext,3
MassGap.SimpleGroup.not_isCompactSimpleGauge_SU_one,Classical.choice Quot.sound propext,3
MassGap.SimpleGroup.not_isCompactSimpleGauge_SU_two,Classical.choice Quot.sound propext,3
MassGap.SimpleGroup.not_isSimpleGroup_SU_one,Classical.choice Quot.sound propext,3
MassGap.SimpleGroup.not_isSimpleGroup_SU_two,Classical.choice Quot.sound propext,3
MassGap.SimpleGroup.smul_one_mem,Classical.choice Quot.sound propext,3
MassGap.SimpleGroup.su_one_expect_invariant,Classical.choice Quot.sound propext,3
MassGap.SimpleGroup.su_two_expect_invariant,Classical.choice Quot.sound propext,3
MassGap.SimpleGroup.subsingleton_SU_one,Classical.choice Quot.sound propext,3
MassGap.SliceTransfer.IsTemporal,,0
MassGap.SliceTransfer.action_eq_slice_sum,Classical.choice Quot.sound propext,3
MassGap.SliceTransfer.aggregate_kernel_nonneg,Classical.choice Quot.sound propext,3
MassGap.SliceTransfer.axisLinks,Classical.choice Quot.sound propext,3
MassGap.SliceTransfer.boltz_eq_slab_prod,Classical.choice Quot.sound propext,3
MassGap.SliceTransfer.boltz_inter_eq,Classical.choice Quot.sound propext,3
MassGap.SliceTransfer.decidableIsTemporal,,0
MassGap.SliceTransfer.diag_mem_interPlaq,Classical.choice Quot.sound propext,3
MassGap.SliceTransfer.exists_nondeg_interPlaq,Classical.choice Quot.sound propext,3
MassGap.SliceTransfer.filter_time_filter_not_temporal,Classical.choice Quot.sound propext,3
MassGap.SliceTransfer.filter_time_filter_temporal,Classical.choice Quot.sound propext,3
MassGap.SliceTransfer.hol_temporal_gauge_left,Classical.choice Quot.sound propext,3
MassGap.SliceTransfer.hol_temporal_gauge_right,Classical.choice Quot.sound propext,3
MassGap.SliceTransfer.hsRe_comm,Classical.choice Quot.sound propext,3
MassGap.SliceTransfer.interPlaq,Classical.choice Quot.sound propext,3
MassGap.SliceTransfer.interSliceAction,Classical.choice Quot.sound propext,3
MassGap.SliceTransfer.interSliceAction_eq_card_sub,Classical.choice Quot.sound propext,3
MassGap.SliceTransfer.interSliceAction_eq_nondeg,Classical.choice Quot.sound propext,3
MassGap.SliceTransfer.inter_links_diag_not_mem,Classical.choice Quot.sound propext,3
MassGap.SliceTransfer.inter_links_mem,Classical.choice Quot.sound propext,3
MassGap.SliceTransfer.intraPlaq,Classical.choice Quot.sound propext,3
MassGap.SliceTransfer.intraPlaq_disjoint_interPlaq,Classical.choice Quot.sound propext,3
MassGap.SliceTransfer.intraPlaq_eq_empty_of_dim_one,Classical.choice Quot.sound propext,3
MassGap.SliceTransfer.intraSliceAction,Classical.choice Quot.sound propext,3
MassGap.SliceTransfer.intra_links_mem,Classical.choice Quot.sound propext,3
MassGap.SliceTransfer.mem_axisLinks,Classical.choice Quot.sound propext,3
MassGap.SliceTransfer.mem_interPlaq,Classical.choice Quot.sound propext,3
MassGap.SliceTransfer.mem_intraPlaq,Classical.choice Quot.sound propext,3
MassGap.SliceTransfer.mem_sliceLinks,Classical.choice Quot.sound propext,3
MassGap.SliceTransfer.plaqSum_eq_slice_sum,Classical.choice Quot.sound propext,3
MassGap.SliceTransfer.shift_apply_of_ne,propext,1
MassGap.SliceTransfer.shift_apply_self,propext,1
MassGap.SliceTransfer.slab_pairwise_disjoint,Classical.choice Quot.sound propext,3
MassGap.SliceTransfer.sliceForm,Classical.choice Quot.sound propext,3
MassGap.SliceTransfer.sliceForm_comm,Classical.choice Quot.sound propext,3
MassGap.SliceTransfer.sliceLinks,Classical.choice Quot.sound propext,3
MassGap.SliceTransfer.sliceLinks_axisLinks_cover,Classical.choice Quot.sound propext,3
MassGap.SliceTransfer.sliceLinks_disjoint_axisLinks,Classical.choice Quot.sound propext,3
MassGap.SliceTransfer.sum_by_fibre,Classical.choice Quot.sound propext,3
MassGap.SliceTransfer.sysWilson_action,Classical.choice Quot.sound propext,3
MassGap.SliceTransfer.trace_hol_temporal_gauge_left,Classical.choice Quot.sound propext,3
MassGap.SliceTransfer.trace_hol_temporal_gauge_right,Classical.choice Quot.sound propext,3
MassGap.SliceTransfer.transferKernel,Classical.choice Quot.sound propext,3
MassGap.SliceTransfer.transferKernel_pos,Classical.choice Quot.sound propext,3
MassGap.SliceTransfer.transferKernel_psd,Classical.choice Quot.sound propext,3
MassGap.SliceTransfer.transferKernel_selfAdjoint_psd,Classical.choice Quot.sound propext,3
MassGap.SliceTransfer.transferKernel_symm,Classical.choice Quot.sound propext,3
MassGap.SliceTransfer.wilsonDensity_mul_inv,Classical.choice Quot.sound propext,3
MassGap.Spectral.aperiodic_antitone,Classical.choice Quot.sound propext,3
MassGap.Spectral.flat_of_aperiodic,Classical.choice Quot.sound propext,3
MassGap.Spectral.periodic_decay_le,Classical.choice Quot.sound propext,3
MassGap.Spectral.periodic_decay_le_circLag,Classical.choice Quot.sound propext,3
MassGap.Spectral.rho_nonneg,Classical.choice Quot.sound propext,3
MassGap.Spectral.rho_symm,Classical.choice Quot.sound propext,3
MassGap.Spectral.sum_eq_rho,Classical.choice Quot.sound propext,3
MassGap.Spectral2.contactForm,Classical.choice Quot.sound propext,3
MassGap.Spectral2.contactForm_weight_pos,Classical.choice Quot.sound propext,3
MassGap.Spectral2.wilsonSpectral_at_zero_coupling,Classical.choice Quot.sound propext,3
MassGap.Spectral2.wilson_decay_at_zero_coupling,Classical.choice Quot.sound propext wilson_reflection_positive_at,4
MassGap.StrongArm.ContactFloor,Classical.choice Quot.sound propext,3
MassGap.StrongArm.contact_relative_on_strong_arm,Classical.choice Quot.sound propext,3
MassGap.StrongArm.coreConst_mono_beta,Classical.choice Quot.sound propext,3
MassGap.StrongArm.coreConst_nonneg_of_lt_one,Classical.choice Quot.sound propext,3
MassGap.StrongArm.corePrefactor_mono_beta,Classical.choice Quot.sound propext,3
MassGap.StrongArm.coreRate_exceeds,Classical.choice Quot.sound propext,3
MassGap.StrongArm.coreRate_mono_beta,Classical.choice Quot.sound propext,3
MassGap.StrongArm.exists_contact_shape_bound,Classical.choice Quot.sound propext,3
MassGap.StrongArm.exists_geom_quartic_bound,Classical.choice Quot.sound propext,3
MassGap.StrongArm.exists_strong_arm_cut,Classical.choice Quot.sound propext,3
MassGap.StrongArm.wilsonCorrAt_eq_corrClay,Classical.choice Quot.sound propext,3
MassGap.StrongCoupling.actOn_eq,Classical.choice Quot.sound propext,3
MassGap.StrongCoupling.axisLvl_origin_step,Quot.sound propext,2
MassGap.StrongCoupling.ball_card_le,Classical.choice Quot.sound propext,3
MassGap.StrongCoupling.boltz_eq_subset_sum,Classical.choice Quot.sound propext,3
MassGap.StrongCoupling.boltz_factor_bound,Classical.choice Quot.sound propext,3
MassGap.StrongCoupling.bridging_sum_eq_core_sum,Classical.choice Quot.sound propext,3
MassGap.StrongCoupling.card_bridging_pairs_le,Classical.choice Quot.sound propext,3
MassGap.StrongCoupling.card_compl_outsideOf_le,Classical.choice Quot.sound propext,3
MassGap.StrongCoupling.card_connSets_bridging_le,Classical.choice Quot.sound propext,3
MassGap.StrongCoupling.card_connSets_bridging_le_steps,Classical.choice Quot.sound propext,3
MassGap.StrongCoupling.card_connSets_le,Classical.choice Quot.sound propext,3
MassGap.StrongCoupling.card_connSets_le_hypercubic,Classical.choice Quot.sound propext,3
MassGap.StrongCoupling.card_connSets_le_steps,Classical.choice Quot.sound propext,3
MassGap.StrongCoupling.card_connSets_le_steps_hypercubic,Classical.choice Quot.sound propext,3
MassGap.StrongCoupling.card_corePairs_span_le,Classical.choice Quot.sound propext,3
MassGap.StrongCoupling.card_ge_of_bridging,Classical.choice Quot.sound propext,3
MassGap.StrongCoupling.card_ge_of_reach_of_lvl,Classical.choice Quot.sound propext,3
MassGap.StrongCoupling.card_pairs_with_union_le,Classical.choice Quot.sound propext,3
MassGap.StrongCoupling.card_rooted_pairs_ge,Classical.choice Quot.sound propext,3
MassGap.StrongCoupling.circLag_last,Classical.choice Quot.sound propext,3
MassGap.StrongCoupling.compOf_closed,Classical.choice Quot.sound propext,3
MassGap.StrongCoupling.compOf_idem_crs,Classical.choice Quot.sound propext,3
MassGap.StrongCoupling.compOf_mem_connSets,Classical.choice Quot.sound propext,3
MassGap.StrongCoupling.compOf_union_outside_crs,Classical.choice Quot.sound propext,3
MassGap.StrongCoupling.coreConst_nonpos_of_one_le,Classical.choice Quot.sound propext,3
MassGap.StrongCoupling.corePairs_fiber_sum_le,Classical.choice Quot.sound propext,3
MassGap.StrongCoupling.corePairs_sum_le,Classical.choice Quot.sound propext,3
MassGap.StrongCoupling.coreResummation_holds,Classical.choice Quot.sound propext,3
MassGap.StrongCoupling.coreSpan_card_ge_of_not_mem_ball,Classical.choice Quot.sound propext,3
MassGap.StrongCoupling.coreSpan_core_eq_crs,Classical.choice Quot.sound propext,3
MassGap.StrongCoupling.coreSpan_eq_of_mem_crs,Classical.choice Quot.sound propext,3
MassGap.StrongCoupling.coreSpan_mem_connSets,Classical.choice Quot.sound propext,3
MassGap.StrongCoupling.core_rate_lt_one_of_small,Classical.choice Quot.sound propext,3
MassGap.StrongCoupling.core_rate_lt_one_of_small_hypercubic,Classical.choice Quot.sound propext,3
MassGap.StrongCoupling.corrClay_abs_le_coreConst_mul_rate_pow,Classical.choice Quot.sound propext,3
MassGap.StrongCoupling.corrNum_eq_subset_sum,Classical.choice Quot.sound propext,3
MassGap.StrongCoupling.decay_of_tail_series,Classical.choice Quot.sound propext,3
MassGap.StrongCoupling.exchange_exchange,Classical.choice Quot.sound propext,3
MassGap.StrongCoupling.haar_mix_factor,Classical.choice Quot.sound propext,3
MassGap.StrongCoupling.haar_prod_factor_of_split,Classical.choice Quot.sound propext,3
MassGap.StrongCoupling.hard_core_outside_sq_div_partition_sq_le,Classical.choice Quot.sound propext,3
MassGap.StrongCoupling.hard_core_rate_lt_one_of_small,Classical.choice Quot.sound propext,3
MassGap.StrongCoupling.hard_core_ratio_le,Classical.choice Quot.sound propext,3
MassGap.StrongCoupling.integrable_obs_mul_wprod,Classical.choice Quot.sound propext,3
MassGap.StrongCoupling.isCorePair_of_bridging,Classical.choice Quot.sound propext,3
MassGap.StrongCoupling.lag_last_mem_ball_two,Classical.choice Quot.sound propext,3
MassGap.StrongCoupling.linkMult_bd_le,Classical.choice Quot.sound propext,3
MassGap.StrongCoupling.lvl_le_of_mem_ball,Classical.choice Quot.sound propext,3
MassGap.StrongCoupling.mem_ball_of_bridging,Classical.choice Quot.sound propext,3
MassGap.StrongCoupling.mem_ball_one_of_touch,Classical.choice Quot.sound propext,3
MassGap.StrongCoupling.mul_sq_sum_eq_sum_product_crs,Classical.choice Quot.sound propext,3
MassGap.StrongCoupling.no_sep_family_of_reachable,Classical.choice Quot.sound propext,3
MassGap.StrongCoupling.no_separator_of_touch,Classical.choice Quot.sound propext,3
MassGap.StrongCoupling.nonbridging_sum_eq_zero,Classical.choice Quot.sound propext,3
MassGap.StrongCoupling.not_mem_coreSpan_of_mem_outsideOf_crs,Classical.choice Quot.sound propext,3
MassGap.StrongCoupling.not_mem_outsideOf_self,Classical.choice Quot.sound propext,3
MassGap.StrongCoupling.one_le_outside_sum_div_partition,Classical.choice Quot.sound propext,3
MassGap.StrongCoupling.order_one_cancels,Classical.choice Quot.sound propext,3
MassGap.StrongCoupling.outside_sum_div_partition_le,Classical.choice Quot.sound propext,3
MassGap.StrongCoupling.pairTerm_abs_le,Classical.choice Quot.sound propext,3
MassGap.StrongCoupling.pairTerm_add_exchange,Classical.choice Quot.sound propext,3
MassGap.StrongCoupling.pairTerm_add_pairFlip,Classical.choice Quot.sound propext,3
MassGap.StrongCoupling.pairTerm_eq_core_mul_outside,Classical.choice Quot.sound propext,3
MassGap.StrongCoupling.raw_lag_radius_refuted,Classical.choice Quot.sound propext,3
MassGap.StrongCoupling.reach_compOf,Classical.choice Quot.sound propext,3
MassGap.StrongCoupling.reach_mono_crs,Classical.choice Quot.sound propext,3
MassGap.StrongCoupling.read_decay_of_correlation_decay,Classical.choice Quot.sound propext,3
MassGap.StrongCoupling.read_decay_rate_nonneg,Classical.choice Quot.sound propext,3
MassGap.StrongCoupling.read_p_le_of_corrClay,Classical.choice Quot.sound propext,3
MassGap.StrongCoupling.sdiff_compOf_subset_outsideOf_crs,Classical.choice Quot.sound propext,3
MassGap.StrongCoupling.siteAtHyper_not_mem_ball,Classical.choice Quot.sound propext,3
MassGap.StrongCoupling.split_links_disjoint,Classical.choice Quot.sound propext,3
MassGap.StrongCoupling.subPart_univ_eq_partition,Classical.choice Quot.sound propext,3
MassGap.StrongCoupling.subset_sum_eq_subPart,Classical.choice Quot.sound propext,3
MassGap.StrongCoupling.subset_weight_bound,Classical.choice Quot.sound propext,3
MassGap.StrongCoupling.touchDeg_bd_le,Classical.choice Quot.sound propext,3
MassGap.StrongCoupling.touchNbrs_card_le,Classical.choice Quot.sound propext,3
MassGap.StrongCoupling.touch_advances_one,Classical.choice Quot.sound propext,3
MassGap.StrongCoupling.two_le_coreSpan_card,Classical.choice Quot.sound propext,3
MassGap.StrongCoupling.walks_card_le,Classical.choice Quot.sound propext,3
MassGap.StrongCoupling.weight_mult_of_split,Classical.choice Quot.sound propext,3
MassGap.StrongCoupling.wilsonCorrConn_abs_le_coreConst,Classical.choice Quot.sound propext,3
MassGap.StrongCoupling.wilsonCorrConn_abs_le_coreConst_mul_rate_pow,Classical.choice Quot.sound propext,3
MassGap.StrongCoupling.wilsonCorrConn_abs_le_coreConst_mul_rate_pow_hypercubic,Classical.choice Quot.sound propext,3
MassGap.StrongCoupling.wilsonCorrConn_abs_le_coreConst_mul_rate_pow_of_le,Classical.choice Quot.sound propext,3
MassGap.StrongCoupling.wilsonCorrConn_abs_le_core_sum,Classical.choice Quot.sound propext,3
MassGap.StrongCoupling.wilsonCorrConn_abs_le_of_coreResummation,Classical.choice Quot.sound propext,3
MassGap.StrongCoupling.wilsonCorrConn_at_zero_of_disjoint,Classical.choice Quot.sound propext,3
MassGap.StrongCoupling.wilsonCorrConn_eq_bridging_sum,Classical.choice Quot.sound propext,3
MassGap.StrongCoupling.wilsonCorrConn_eq_zero_of_no_ball,Classical.choice Quot.sound propext,3
MassGap.StrongCoupling.wilsonCorrConn_eq_zero_of_split,Classical.choice Quot.sound propext,3
MassGap.StrongCoupling.wilsonCorrConn_eq_zero_of_touch_closed,Classical.choice Quot.sound propext,3
MassGap.StrongCoupling.wtOn_eq,Classical.choice Quot.sound propext,3
MassGap.StrongCoupling.zw_abs_le,Classical.choice Quot.sound propext,3
MassGap.StrongCoupling.zw_split,Classical.choice Quot.sound propext,3
MassGap.Substrate.antipodeRead_moment_eq_quarter_sq,Classical.choice Quot.sound propext,3
MassGap.Substrate.bounded_moment_does_not_give_geometric_decay,Classical.choice Quot.sound propext,3
MassGap.Substrate.ceiling_lt_twelfth,Classical.choice Quot.sound propext,3
MassGap.Substrate.circ_moment_le_quarter_sq,Classical.choice Quot.sound propext,3
MassGap.Substrate.d2At_le_quarter_sq,Classical.choice Quot.sound propext wilson_reflection_positive_at,4
MassGap.Substrate.flatRead_exceeds_ceiling,Classical.choice Quot.sound propext,3
MassGap.Substrate.flatRead_moment,Classical.choice Quot.sound propext,3
MassGap.Substrate.quarter_bound_grows_without_bound,Classical.choice Quot.sound propext,3
MassGap.Substrate.quarter_ratio_fails_aperture_criterion,Classical.choice Quot.sound propext,3
MassGap.Substrate.rp_alone_leaves_moment_unbounded,Classical.choice Quot.sound propext,3
MassGap.Substrate.spectral_form_alone_leaves_moment_unbounded,Classical.choice Quot.sound propext,3
MassGap.Substrate.substrateRatio_le_quarter,Classical.choice Quot.sound propext wilson_reflection_positive_at,4
MassGap.Substrate.substrate_bound_needs_more_than_positivity,Classical.choice Quot.sound propext,3
MassGap.Substrate.tailRead_moment_le_one,Classical.choice Quot.sound propext,3
MassGap.SurfaceEmbed.boundary_corner_lt,Classical.choice Quot.sound propext,3
MassGap.SurfaceEmbed.card_plaqSurface,Classical.choice Quot.sound propext,3
MassGap.SurfaceEmbed.cubePos_coord_le,Classical.choice Quot.sound propext,3
MassGap.SurfaceEmbed.directed_plaq_surfaces_count_and_area,Classical.choice Quot.sound propext,3
MassGap.SurfaceEmbed.faceToPlaq_inj_on,Quot.sound propext,2
MassGap.SurfaceEmbed.face_corner_le,Classical.choice Quot.sound propext,3
MassGap.SurfaceEmbed.planeOf_injective,Quot.sound propext,2
MassGap.SurfaceEmbed.plaqSurface_injective,Classical.choice Quot.sound propext,3
MassGap.SurfaceEmbed.siteOf_inj_of_lt,Quot.sound propext,2
MassGap.SurfaceEmbed.three_pow_le_card_along_boxes,Classical.choice Quot.sound propext,3
MassGap.SurfaceEmbed.three_pow_le_card_of_plaq_subfamily,Classical.choice Quot.sound propext,3
MassGap.Transfer.GNS.mk_eq_zero_iff,Classical.choice Quot.sound propext,3
MassGap.Transfer.GNS.norm_mk_mul_norm_mk,Classical.choice Quot.sound propext,3
MassGap.Transfer.ReflForm.cauchy_schwarz,Classical.choice Quot.sound propext,3
MassGap.Transfer.ReflForm.form_eq_zero_of_mem_null,Classical.choice Quot.sound propext,3
MassGap.Transfer.TransferData.Tq_isSymmetric,Classical.choice Quot.sound propext,3
MassGap.Transfer.TransferData.Tq_norm_le,Classical.choice Quot.sound propext,3
MassGap.Transfer.TransferData.Tq_vacGNS,Classical.choice Quot.sound propext,3
MassGap.Transfer.TransferData.abs_eigenvalue_le_one,Classical.choice Quot.sound propext,3
MassGap.Transfer.TransferData.eigenvalue_nonneg,Classical.choice Quot.sound propext,3
MassGap.Transfer.TransferData.inner_pow_expand,Classical.choice Quot.sound propext,3
MassGap.Transfer.TransferData.norm_TqL_le_one,Classical.choice Quot.sound propext,3
MassGap.Transfer.TransferData.norm_vacGNS,Classical.choice Quot.sound propext,3
MassGap.Transfer.TransferData.one_le_of_eigenvalues_le,Classical.choice Quot.sound propext,3
MassGap.Transfer.TransferData.periodicCorr_vac,Classical.choice Quot.sound propext,3
MassGap.Transfer.TransferData.periodicSpectralForm_of_transfer,Classical.choice Quot.sound propext,3
MassGap.Transfer.TransferData.periodic_decay_of_transfer,Classical.choice Quot.sound propext,3
MassGap.Transfer.TransferData.sum_weights,Classical.choice Quot.sound propext,3
MassGap.Transfer.isSymmetric_pow,Classical.choice Quot.sound propext,3
MassGap.Transfer.reflForm_one_one,Classical.choice Quot.sound propext,3
MassGap.Transfer.reflForm_symm,Classical.choice Quot.sound propext,3
MassGap.VolumeRate.cell_ceiling_eq_exp_neg_floor,Classical.choice Quot.sound propext,3
MassGap.VolumeRate.exists_pos_and_iff,Classical.choice Quot.sound propext,3
MassGap.VolumeRate.finite_sum_rate_bound,Classical.choice Quot.sound propext,3
MassGap.VolumeRate.forall_nat_const_iff,,0
MassGap.VolumeRate.gap_rate_and_decay_uniform_in_volume,Classical.choice Quot.sound propext,3
MassGap.VolumeRate.gap_rate_at_floor_uniform_in_volume,Classical.choice Quot.sound propext,3
MassGap.VolumeRate.gap_rate_uniform_in_volume,Classical.choice Quot.sound propext,3
MassGap.VolumeRate.gap_rate_uniform_in_volume_of_intensive,Classical.choice Quot.sound propext,3
MassGap.VolumeRate.inner_vac_Tq,Classical.choice Quot.sound propext,3
MassGap.VolumeRate.inner_vac_Tq_pow,Classical.choice Quot.sound propext,3
MassGap.VolumeRate.norm_Tq_pow_le,Classical.choice Quot.sound propext,3
MassGap.VolumeRate.product_volume_gap_rate,Classical.choice Quot.sound propext,3
MassGap.VolumeRate.product_volume_gap_rate_concrete,Classical.choice Quot.sound propext,3
MassGap.VolumeRate.product_volume_gap_rate_concrete_one,Classical.choice Quot.sound propext,3
MassGap.VolumeRate.rp_gap_of_one_cut,Classical.choice Quot.sound propext,3
MassGap.VolumeRate.rp_sub_geometric,Classical.choice Quot.sound propext,3
MassGap.VolumeRate.vacuous_uniform_shape,Classical.choice Quot.sound propext,3
MassGap.VolumeRate.ym_gap_uniform_in_volume_shape_is_vacuous,Classical.choice Quot.sound propext,3
MassGap.VortexCount.directed_surfaces_all_have_area,Classical.choice Quot.sound propext,3
MassGap.VortexCount.existence_and_gap_of_floor_count,Classical.choice Quot.sound propext,3
MassGap.VortexCount.floorTerm_exponent_is_the_area,Classical.choice Quot.sound propext,3
MassGap.VortexCount.floor_count_gap_demo,Classical.choice Quot.sound propext,3
MassGap.VortexCount.floor_count_injection,Classical.choice Quot.sound propext,3
MassGap.VortexCount.junction_of_floor_count,Classical.choice Quot.sound propext,3
MassGap.VortexCount.junction_of_physical_count,Classical.choice Quot.sound propext,3
MassGap.VortexCount.kappa0_is_the_surface_entropy_density,Classical.choice Quot.sound propext,3
MassGap.VortexCount.selfSourcingJunction_of_physical_count,Classical.choice Quot.sound propext,3
MassGap.VortexCount.three_pow_le_card_of_directed_surfaces,Classical.choice Quot.sound propext,3
MassGap.VortexCount.three_pow_le_card_of_embeds,Classical.choice Quot.sound propext,3
MassGap.VortexFamily.base_mem_plaqSurface,Classical.choice Quot.sound propext,3
MassGap.VortexFamily.edgesOf_site_time,Classical.choice Quot.sound propext,3
MassGap.VortexFamily.emb_injective,Quot.sound propext,2
MassGap.VortexFamily.emb_ne_three,Quot.sound propext,2
MassGap.VortexFamily.faceEdges_corner_lt,Classical.choice Quot.sound propext,3
MassGap.VortexFamily.junction_of_vortexFamily,Classical.choice Quot.sound propext,3
MassGap.VortexFamily.junction_of_vortexFamily_density,Classical.choice Quot.sound propext,3
MassGap.VortexFamily.mem_edgesOf,Classical.choice Quot.sound propext,3
MassGap.VortexFamily.mem_edgesOf_faceToPlaq,Classical.choice Quot.sound propext,3
MassGap.VortexFamily.mem_vortexFamily,Classical.choice Quot.sound propext,3
MassGap.VortexFamily.not_mem_edgesOf_offslice,Classical.choice Quot.sound propext,3
MassGap.VortexFamily.not_mem_edgesOf_time,Classical.choice Quot.sound propext,3
MassGap.VortexFamily.planeOf_eq_emb,Quot.sound propext,2
MassGap.VortexFamily.planeOf_lt_three,Quot.sound propext,2
MassGap.VortexFamily.plaqSurface_closed,Classical.choice Quot.sound propext,3
MassGap.VortexFamily.plaqSurface_connected,Classical.choice Quot.sound propext,3
MassGap.VortexFamily.shift_siteOf,Quot.sound propext,2
MassGap.VortexFamily.shift_time,Quot.sound propext,2
MassGap.VortexFamily.siteOf_time_zero,Quot.sound propext,2
MassGap.VortexFamily.surfAdj_of_faceAdj,Classical.choice Quot.sound propext,3
MassGap.VortexFamily.three_pow_le_card_vortexFamily,Classical.choice Quot.sound propext,3
MassGap.VortexFamily.three_pow_le_card_vortexFamily_along_boxes,Classical.choice Quot.sound propext,3
MassGap.VortexFamily.three_pow_le_vortexCount,Classical.choice Quot.sound propext,3
MassGap.WeakArm.corrClay_at_period,Classical.choice Quot.sound propext,3
MassGap.WeakArm.corrClay_ev_le_zero,Classical.choice Quot.sound propext,3
MassGap.WeakArm.corrClay_finOf_le_zero,Classical.choice Quot.sound propext,3
MassGap.WeakArm.corrClay_le_at_zero,Classical.choice Quot.sound propext,3
MassGap.WeakArm.ev_compl,Quot.sound propext,2
MassGap.WeakArm.ev_period,Quot.sound propext,2
MassGap.WeakArm.ev_zero,Quot.sound propext,2
MassGap.WeakArm.exists_lag_halving,Classical.choice Quot.sound propext,3
MassGap.WeakArm.invSucc_lt,Classical.choice Quot.sound propext,3
MassGap.WeakArm.invSucc_pos,Classical.choice Quot.sound propext,3
MassGap.WeakArm.no_contact_relative_from_shape,Classical.choice Quot.sound propext,3
MassGap.WeakArm.no_strict_lag_bound_from_shape,Classical.choice Quot.sound propext,3
MassGap.WeakArm.no_uniform_quartic_constant_nonvacuous,Classical.choice Quot.sound propext,3
MassGap.WeakArm.no_uniform_quartic_constant_of_vanishing_rate,Classical.choice Quot.sound propext,3
MassGap.WeakArm.wilsonCorrAt_le_at_zero,Classical.choice Quot.sound propext,3
MassGap.WeakArm.wilsonCorrAt_le_at_zero_at_extent_six,Classical.choice Quot.sound propext,3
MassGap.WightmanData.OSData,Classical.choice Quot.sound propext,3
MassGap.WightmanData.WightmanQFT,Classical.choice Quot.sound propext,3
MassGap.WightmanData.WightmanQFTData,Classical.choice Quot.sound propext,3
MassGap.WightmanData.osData_S_ne_zero,Classical.choice Quot.sound propext,3
MassGap.WightmanData.osData_bounded,Classical.choice Quot.sound propext,3
MassGap.WightmanData.osData_nonempty,Classical.choice Quot.sound propext,3
MassGap.WightmanData.osData_test_nontrivial,Classical.choice Quot.sound propext,3
MassGap.WightmanData.osData_test_not_subsingleton,Classical.choice Quot.sound propext,3
MassGap.WightmanData.os_reconstruction_wightman,Classical.choice Quot.sound os_reconstruction_wightman propext,4
MassGap.WightmanData.os_reconstruction_wightman_is_not_vacuous,Classical.choice Quot.sound os_reconstruction_wightman propext,4
MassGap.WightmanData.reconstructed_ham_not_injective,Classical.choice Quot.sound propext,3
MassGap.WightmanData.reconstructed_space_nontrivial,Classical.choice Quot.sound propext,3
MassGap.WightmanData.reconstructed_vac_ne_zero,Classical.choice Quot.sound propext,3
MassGap.WightmanData.reconstructed_vacuum_energy_zero,Classical.choice Quot.sound os_reconstruction_wightman propext,4
MassGap.WightmanData.trivialOSData,Classical.choice Quot.sound propext,3
MassGap.WightmanData.trivialWightmanQFT,Classical.choice Quot.sound propext,3
MassGap.WightmanData.trivialWightmanQFTData,Classical.choice Quot.sound propext,3
MassGap.WightmanData.wightmanQFTData_nonempty,Classical.choice Quot.sound propext,3
MassGap.WightmanData.wightmanTheory_of_anything,Classical.choice Quot.sound WightmanTheory os_reconstruction propext,5
MassGap.WightmanData.wightmanTheory_of_nothing,Classical.choice Quot.sound WightmanTheory os_reconstruction propext,5
MassGap.WightmanData.wightmanTheory_of_zero_form,Classical.choice Quot.sound WightmanTheory os_reconstruction propext,5
MassGap.WightmanData.wightman_of_model_is_the_trivial_proof,Classical.choice Quot.sound WightmanTheory os_reconstruction propext,5
MassGap.WilsonAction.measurable_wilsonDensity,Classical.choice Quot.sound propext,3
MassGap.WilsonAction.wilsonDensity_conj,Classical.choice Quot.sound propext,3
MassGap.WilsonAction.wilsonDensity_le_two,Classical.choice Quot.sound propext,3
MassGap.WilsonAction.wilsonDensity_nonneg,Classical.choice Quot.sound propext,3
MassGap.WilsonAction.wilsonDensity_one,Classical.choice Quot.sound propext,3
MassGap.WilsonAnalytic.boltz_hasDerivAt,Classical.choice Quot.sound propext,3
MassGap.WilsonAnalytic.corrNum_hasDerivAt,Classical.choice Quot.sound propext,3
MassGap.WilsonAnalytic.cov_bound_extensive,Classical.choice Quot.sound propext,3
MassGap.WilsonAnalytic.cov_bound_local,Classical.choice Quot.sound propext,3
MassGap.WilsonAnalytic.cov_bound_summable,Classical.choice Quot.sound propext,3
MassGap.WilsonAnalytic.cov_eq_sum_over_plaquettes,Classical.choice Quot.sound propext,3
MassGap.WilsonAnalytic.cov_sum_bound_of_local,Classical.choice Quot.sound propext,3
MassGap.WilsonAnalytic.expect_differentiable,Classical.choice Quot.sound propext,3
MassGap.WilsonAnalytic.expect_finset_sum,Classical.choice Quot.sound propext,3
MassGap.WilsonAnalytic.expect_hasDerivAt,Classical.choice Quot.sound propext,3
MassGap.WilsonAnalytic.expect_lipschitz,Classical.choice Quot.sound propext,3
MassGap.WilsonAnalytic.expect_lipschitz_local,Classical.choice Quot.sound propext,3
MassGap.WilsonAnalytic.expect_lipschitz_summable,Classical.choice Quot.sound propext,3
MassGap.WilsonAnalytic.integral_deriv_eq_neg_corrNum,Classical.choice Quot.sound propext,3
MassGap.WilsonAnalytic.partition_hasDerivAt,Classical.choice Quot.sound propext,3
MassGap.WilsonAnalytic.wilsonCorrReal_differentiable,Classical.choice Quot.sound propext,3
MassGap.WilsonAnalytic.wilsonSystem_corrNum_hasDerivAt,Classical.choice Quot.sound propext,3
MassGap.WilsonAnalytic.wilsonSystem_expect_hasDerivAt,Classical.choice Quot.sound propext,3
MassGap.WilsonAnalytic.wilson_le_of_clustering_grid,Classical.choice Quot.sound propext,3
MassGap.WilsonAnalytic.wilson_le_uniform_in_volume,Classical.choice Quot.sound propext,3
MassGap.WilsonAnalytic.wilson_le_uniform_of_clustering_total,Classical.choice Quot.sound propext,3
MassGap.WilsonBridge.bd3_link_not_private,Quot.sound propext,2
MassGap.WilsonBridge.bdChain_shares_link,Classical.choice Quot.sound propext,3
MassGap.WilsonBridge.chainCorr_nonneg,Classical.choice Quot.sound propext,3
MassGap.WilsonBridge.chainRead,Classical.choice Quot.sound propext,3
MassGap.WilsonBridge.corrClay,Classical.choice Quot.sound propext,3
MassGap.WilsonBridge.corrHyper_unconnected_nonneg,Classical.choice Quot.sound propext,3
MassGap.WilsonBridge.tension_lt_floor_of_cosAvg_wilson,Classical.choice Quot.sound propext,3
MassGap.WilsonBridge.wilsonCorr_nonneg,Classical.choice Quot.sound propext,3
MassGap.WilsonBridge.wilsonRead,Classical.choice Quot.sound propext,3
MassGap.WilsonBridge.wilson_correlation_decays,Classical.choice Quot.sound propext,3
MassGap.WilsonBridge.wilson_correlation_gap,Classical.choice Quot.sound propext,3
MassGap.WilsonDLR.bdLinks,Classical.choice Quot.sound propext,3
MassGap.WilsonDLR.bounded_of_continuous,Classical.choice Quot.sound propext,3
MassGap.WilsonDLR.continuous_actionOn,Classical.choice Quot.sound propext,3
MassGap.WilsonDLR.continuous_ihol,Classical.choice Quot.sound propext,3
MassGap.WilsonDLR.continuous_num_right,Classical.choice Quot.sound propext,3
MassGap.WilsonDLR.continuous_part_right,Classical.choice Quot.sound propext,3
MassGap.WilsonDLR.continuous_spec_right,Classical.choice Quot.sound propext,3
MassGap.WilsonDLR.continuous_splice_right,Classical.choice Quot.sound propext,3
MassGap.WilsonDLR.continuous_stepListProd,Classical.choice Quot.sound propext,3
MassGap.WilsonDLR.continuous_wt_right,Classical.choice Quot.sound propext,3
MassGap.WilsonDLR.dlr_general,Classical.choice Quot.sound propext,3
MassGap.WilsonDLR.exists_infinite_volume_gibbs_measure_of_density,Classical.choice Quot.sound propext,3
MassGap.WilsonDLR.exists_wilson_infinite_volume_gibbs_measure,Classical.choice Quot.sound propext,3
MassGap.WilsonDLR.hcons_specState,Classical.choice Quot.sound propext,3
MassGap.WilsonDLR.isLocalOn_spec,Classical.choice Quot.sound propext,3
MassGap.WilsonDLR.mem_bdLinks,Classical.choice Quot.sound propext,3
MassGap.WilsonDLR.specCM,Classical.choice Quot.sound propext,3
MassGap.WilsonDLR.specCM_apply,Classical.choice Quot.sound propext,3
MassGap.WilsonDLR.specState,Classical.choice Quot.sound propext,3
MassGap.WilsonDLR.specState_apply,Classical.choice Quot.sound propext,3
MassGap.WilsonDLR.spec_add,Classical.choice Quot.sound propext,3
MassGap.WilsonDLR.spec_mem_localAlg,Classical.choice Quot.sound propext,3
MassGap.WilsonDLR.spec_nonneg,Classical.choice Quot.sound propext,3
MassGap.WilsonDLR.spec_smul,Classical.choice Quot.sound propext,3
MassGap.WilsonDLR.wilson_continuous_spec_right,Classical.choice Quot.sound propext,3
MassGap.WilsonGauge.evDemo_sorted,Classical.choice Quot.sound propext,3
MassGap.WilsonGauge.resolvedDim_evDemo,Classical.choice Quot.sound propext,3
MassGap.WilsonGauge.ym_continuum_gauge,Classical.choice Quot.sound propext,3
MassGap.WilsonGauge.ym_continuum_gauge_counted,Classical.choice Quot.sound propext,3
MassGap.WilsonGauge.ym_existence_and_gap_gauge,Classical.choice Quot.sound propext wilson_reflection_positive_at,4
MassGap.WilsonGauge.ym_existence_and_gap_gauge_wilson,Classical.choice Quot.sound propext wilson_reflection_positive_at,4
MassGap.WilsonGauge.ym_mass_gap_rate_gauge,Classical.choice Quot.sound propext wilson_reflection_positive_at,4
MassGap.WilsonGauge.ym_mass_gap_rate_pos,Classical.choice Quot.sound propext wilson_reflection_positive_at,4
MassGap.WilsonGauge.ym_wilson_gauge_su3_rank,Classical.choice Quot.sound propext wilson_reflection_positive_at,4
MassGap.WilsonGibbs.dens,Classical.choice Quot.sound propext,3
MassGap.WilsonGibbs.dlr_bounded_measurable,Classical.choice Quot.sound propext,3
MassGap.WilsonGibbs.escale,Classical.choice Quot.sound propext,3
MassGap.WilsonGibbs.escale_nonneg,Classical.choice Quot.sound propext,3
MassGap.WilsonGibbs.existsGibbsMeasure_of_density,Classical.choice Quot.sound propext,3
MassGap.WilsonGibbs.exists_isGibbsMeasure_of_density,Classical.choice Quot.sound propext,3
MassGap.WilsonGibbs.exists_wilson_isGibbsMeasure,Classical.choice Quot.sound propext,3
MassGap.WilsonGibbs.exp_neg_escale_le_part,Classical.choice Quot.sound propext,3
MassGap.WilsonGibbs.exp_neg_escale_le_wt,Classical.choice Quot.sound propext,3
MassGap.WilsonGibbs.gibbsSpec_plaqsIn_eq,Classical.choice Quot.sound propext,3
MassGap.WilsonGibbs.hasOuterApproxClosed_IConf,Classical.choice Quot.sound propext,3
MassGap.WilsonGibbs.ibd_eq,,0
MassGap.WilsonGibbs.integral_specMeasure,Classical.choice Quot.sound propext,3
MassGap.WilsonGibbs.integral_wt_div_part,Classical.choice Quot.sound propext,3
MassGap.WilsonGibbs.isProbabilityMeasure_specMeasure,Classical.choice Quot.sound propext,3
MassGap.WilsonGibbs.measurable_dens,Classical.choice Quot.sound propext,3
MassGap.WilsonGibbs.mem_linksOf_iff,Classical.choice Quot.sound propext,3
MassGap.WilsonGibbs.pseudoMetrizable_IConf,Classical.choice Quot.sound propext,3
MassGap.WilsonGibbs.ratioBound,Classical.choice Quot.sound propext,3
MassGap.WilsonGibbs.specMeasure,Classical.choice Quot.sound propext,3
MassGap.WilsonGibbs.specMeasure_eq_self,Classical.choice Quot.sound propext,3
MassGap.WilsonGibbs.specMeasure_univ_toReal,Classical.choice Quot.sound propext,3
MassGap.WilsonGibbs.wilson_dlr_bounded_measurable,Classical.choice Quot.sound propext,3
MassGap.WilsonGibbs.wt_div_part_le,Classical.choice Quot.sound propext,3
MassGap.WilsonGibbs.wt_div_part_nonneg,Classical.choice Quot.sound propext,3
MassGap.WilsonHypercubic.bd_axis,Classical.choice Quot.sound propext,3
MassGap.WilsonHypercubic.bd_diag_hol_one,Classical.choice Quot.sound propext,3
MassGap.WilsonHypercubic.card_link,Classical.choice Quot.sound propext,3
MassGap.WilsonHypercubic.card_plaq,Classical.choice Quot.sound propext,3
MassGap.WilsonHypercubic.link_not_private,Classical.choice Quot.sound propext,3
MassGap.WilsonHypercubic.shift_axis,Classical.choice Quot.sound propext,3
MassGap.WilsonHypercubic.sysWilson_hol,Classical.choice Quot.sound propext,3
MassGap.WilsonHypercubic.sysWilson_link,Classical.choice Quot.sound propext,3
MassGap.WilsonHypercubic.sysWilson_phi,Classical.choice Quot.sound propext,3
MassGap.WilsonHypercubic.sysWilson_plaq,Classical.choice Quot.sound propext,3
MassGap.WilsonLattice.measurable_wilsonHol,Classical.choice Quot.sound propext,3
MassGap.WilsonLattice.wilsonHol_conj,Quot.sound propext,2
MassGap.WilsonLattice.wilsonSymmetry,Classical.choice Quot.sound propext,3
MassGap.WilsonLattice.wilson_expect_invariant,Classical.choice Quot.sound propext,3
MassGap.WilsonModel.A1_at_aperture,Classical.choice Quot.sound propext wilson_reflection_positive_at,4
MassGap.WilsonModel.J_infinite,Classical.choice Quot.sound propext,3
MassGap.WilsonModel.apertureOf,Classical.choice Quot.sound propext wilson_reflection_positive_at,4
MassGap.WilsonModel.count_le_of_tension_uniform,Classical.choice Quot.sound propext,3
MassGap.WilsonModel.existence_and_gap_of_substrate,Classical.choice Quot.sound propext wilson_reflection_positive_at,4
MassGap.WilsonModel.fullModelOfSubstrate,Classical.choice Quot.sound propext wilson_reflection_positive_at,4
MassGap.WilsonModel.hcountW,Classical.choice Quot.sound propext,3
MassGap.WilsonModel.mass_gap_rate_and_continuum_of_substrate,Classical.choice Quot.sound propext wilson_reflection_positive_at,4
MassGap.WilsonModel.paramsTension,Classical.choice Quot.sound propext,3
MassGap.WilsonModel.readW_cos_pos,Classical.choice Quot.sound propext,3
MassGap.WilsonModel.readW_not_flat,Classical.choice Quot.sound propext,3
MassGap.WilsonModel.readW_tension_lt_floor,Classical.choice Quot.sound propext,3
MassGap.WilsonModel.resolvedDim_family,Classical.choice Quot.sound propext,3
MassGap.WilsonModel.ymFamilyTension,Classical.choice Quot.sound propext,3
MassGap.WilsonModel.ym_continuum_tension,Classical.choice Quot.sound propext,3
MassGap.WilsonRead.expect_ge_haar_of_nonneg,Classical.choice Quot.sound propext,3
MassGap.WilsonRead.hol_linkTranslate,Classical.choice Quot.sound propext,3
MassGap.WilsonRead.integral_comp_linkTranslate,Classical.choice Quot.sound propext,3
MassGap.WilsonRead.integral_plaqObs_eq_one,Classical.choice Quot.sound propext,3
MassGap.WilsonRead.integral_plaqObs_sq_pos,Classical.choice Quot.sound propext,3
MassGap.WilsonRead.integral_re_trace_hol_zero,Classical.choice Quot.sound propext,3
MassGap.WilsonRead.linkTranslate_measurePreserving,Classical.choice Quot.sound propext,3
MassGap.WilsonRead.sum_wilsonCorrReal_pos,Classical.choice Quot.sound propext,3
MassGap.WilsonRead.sum_wilsonCorrReal_pos_of_haar,Classical.choice Quot.sound propext,3
MassGap.WilsonRead.sysReal_boltz_ge,Classical.choice Quot.sound propext,3
MassGap.WilsonRead.two_plaquette_aperture_forces_tiny_B,Classical.choice Quot.sound propext,3
MassGap.WilsonRead.wilsonCorrReal_nonneg,Classical.choice Quot.sound propext,3
MassGap.WilsonRead.wilsonReadReal_rho,Classical.choice Quot.sound propext,3
MassGap.WilsonRead.wilson_tension_lt_floor,Classical.choice Quot.sound propext,3
MassGap.WilsonReal.blockInt_not_disjoint,Classical.choice Quot.sound propext,3
MassGap.WilsonReal.block_integral_factor,Classical.choice Quot.sound propext,3
MassGap.WilsonReal.coords_indep,Classical.choice Quot.sound propext,3
MassGap.WilsonReal.coords_indep_SU,Classical.choice Quot.sound propext,3
MassGap.WilsonReal.expect_plaqObs_factor,Classical.choice Quot.sound propext,3
MassGap.WilsonReal.expect_plaqObs_factor_at_zero,Classical.choice Quot.sound propext,3
MassGap.WilsonReal.expect_plaqObs_mem,Classical.choice Quot.sound propext,3
MassGap.WilsonReal.hbd2,Classical.choice Quot.sound propext,3
MassGap.WilsonReal.hbd3,Quot.sound propext,2
MassGap.WilsonReal.measurable_bd2_hol,Classical.choice Quot.sound propext,3
MassGap.WilsonReal.plaqObs_gauge_invariant,Classical.choice Quot.sound propext,3
MassGap.WilsonReal.plaqObs_indep,Classical.choice Quot.sound propext,3
MassGap.WilsonReal.sysInt_gauge_invariant,Classical.choice Quot.sound propext,3
MassGap.WilsonReal.sysInt_partition_pos,Classical.choice Quot.sound propext,3
MassGap.WilsonReal.sysInt_shared_link_two_point,Classical.choice Quot.sound propext,3
MassGap.WilsonReal.sysReal_expect_abs_le,Classical.choice Quot.sound propext,3
MassGap.WilsonReal.sysReal_expect_at_zero,Classical.choice Quot.sound propext,3
MassGap.WilsonReal.sysReal_gauge_invariant,Classical.choice Quot.sound propext,3
MassGap.WilsonReal.sysReal_invariant,Classical.choice Quot.sound propext,3
MassGap.WilsonReal.sysReal_mul_boltz_integrable,Classical.choice Quot.sound propext,3
MassGap.WilsonReal.sysReal_partition_factor,Classical.choice Quot.sound propext,3
MassGap.WilsonReal.sysRing_invariant,Classical.choice Quot.sound propext,3
MassGap.WilsonReal.wilsonAction_gauge_invariant,Classical.choice Quot.sound propext,3
MassGap.WilsonReal.wilsonSystem_expect_abs_le,Classical.choice Quot.sound propext,3
MassGap.WilsonReal.wilsonSystem_expect_at_zero,Classical.choice Quot.sound propext,3
MassGap.WilsonReal.wilsonSystem_expect_mono,Classical.choice Quot.sound propext,3
MassGap.WilsonReal.wilsonSystem_expect_one,Classical.choice Quot.sound propext,3
MassGap.WilsonReal.wilsonSystem_expect_plaqObs_mem,Classical.choice Quot.sound propext,3
MassGap.WilsonReal.wilsonSystem_gauge_invariant,Classical.choice Quot.sound propext,3
MassGap.WilsonReal.wilsonSystem_partition_pos,Classical.choice Quot.sound propext,3
MassGap.WilsonTransfer.expect_shift_invariant,Classical.choice Quot.sound propext,3
MassGap.WilsonTransfer.measurable_shiftConf,Classical.choice Quot.sound propext,3
MassGap.WilsonTransfer.reflConf_apply_axis,propext,1
MassGap.WilsonTransfer.reflConf_apply_transverse,propext,1
MassGap.WilsonTransfer.reflForm_shiftObs_symm,Classical.choice Quot.sound propext,3
MassGap.WilsonTransfer.reflLink_comp_succ,Quot.sound propext,2
MassGap.WilsonTransfer.reflSite_comp_pred,Quot.sound propext,2
MassGap.WilsonTransfer.reflSite_comp_succ,Quot.sound propext,2
MassGap.WilsonTransfer.shiftConf,propext,1
MassGap.WilsonTransfer.shiftConf_eq_reflConf_comp,Quot.sound propext,2
MassGap.WilsonTransfer.shiftConf_reflConf_shiftConf,Quot.sound propext,2
MassGap.WilsonTransfer.shiftLink,propext,1
MassGap.WilsonTransfer.shiftLink_axis_leaves_slab,Classical.choice Quot.sound propext,3
MassGap.WilsonTransfer.shiftObs,Classical.choice Quot.sound propext,3
MassGap.WilsonTransfer.shiftObs_mem,Classical.choice Quot.sound propext,3
MassGap.WilsonTransfer.shiftObs_mul,Classical.choice Quot.sound propext,3
MassGap.WilsonTransfer.shiftObs_one,Classical.choice Quot.sound propext,3
MassGap.WilsonTransfer.shift_not_stable_on_slab,Classical.choice Quot.sound propext,3
MassGap.WitnessVacuity.aperture_hypothesis_is_load_bearing,Classical.choice Quot.sound propext,3
MassGap.WitnessVacuity.const_witness_conclusion_is_arithmetic,Classical.choice Quot.sound propext,3
MassGap.ZeroMode.Witness.chain_hypotheses_satisfiable,Classical.choice Quot.sound propext,3
MassGap.ZeroMode.Witness.hypotheses_satisfiable,Classical.choice Quot.sound propext,3
MassGap.ZeroMode.circLag_cos_sum_fold,Classical.choice Quot.sound propext,3
MassGap.ZeroMode.correlation_decays_of_tension,Classical.choice Quot.sound propext,3
MassGap.ZeroMode.correlation_gap_of_tension,Classical.choice Quot.sound propext,3
MassGap.ZeroMode.exists_exponential_decay,Classical.choice Quot.sound propext,3
MassGap.ZeroMode.exists_uniform_rate_of_mode_invariant,Classical.choice Quot.sound propext,3
MassGap.ZeroMode.gap_phys_of_fixed_screen,Classical.choice Quot.sound propext,3
MassGap.ZeroMode.gap_phys_uniform_of_fixed_screen,Classical.choice Quot.sound propext,3
MassGap.ZeroMode.lam_pow_lt_of_tension,Classical.choice Quot.sound propext,3
MassGap.ZeroMode.le_geometric_of_lt_one,Classical.choice Quot.sound propext,3
MassGap.ZeroMode.no_zero_mode_of_tension_lt_floor,Classical.choice Quot.sound propext,3
MassGap.ZeroMode.rate_gt_of_tension,Classical.choice Quot.sound propext,3
MassGap.ZeroMode.rate_uniform_of_mode_invariant,Classical.choice Quot.sound propext,3
MassGap.ZeroMode.resolved_count_le_of_subset,Classical.choice Quot.sound propext,3
MassGap.ZeroMode.six_mul_sum_sq,Classical.choice Quot.sound propext,3
MassGap.ZeroMode.substrate_ge_of_mode_share,Classical.choice Quot.sound propext,3
MassGap.ZeroMode.substrate_ge_of_slow_decay,Classical.choice Quot.sound propext,3
MassGap.ZeroMode.substrate_ge_of_subset_share,Classical.choice Quot.sound propext,3
MassGap.ZeroMode.sum_circLag_eq_range,Classical.choice Quot.sound propext,3
MassGap.ZeroMode.sum_clag_sq,Classical.choice Quot.sound propext,3
MassGap.ZeroMode.sum_cos_circle_eq_zero,Classical.choice Quot.sound propext,3
MassGap.ZeroMode.sum_geom_cos_closed,Classical.choice Quot.sound propext,3
MassGap.ZeroMode.sum_geom_cos_eq_re,Classical.choice Quot.sound propext,3
MassGap.ZeroMode.sum_range_antipodal_fold,Classical.choice Quot.sound propext,3
MassGap.ZeroMode.twelve_weighted_moment_ge,Classical.choice Quot.sound propext,3
MassGap.ZeroMode.zero_mode_lt_of_tension,Classical.choice Quot.sound propext,3
MassGap.branch_floor_gt_pinned,Classical.choice Quot.sound propext,3
MassGap.card_DYM,Classical.choice Quot.sound propext,3
MassGap.confinement_at_coupling_of_ratio,Classical.choice Quot.sound propext wilson_reflection_positive_at,4
MassGap.confinement_at_iff_cosAvg,Classical.choice Quot.sound propext wilson_reflection_positive_at,4
MassGap.confinement_at_of_cosAvg,Classical.choice Quot.sound propext wilson_reflection_positive_at,4
MassGap.confinement_at_of_ratio,Classical.choice Quot.sound propext wilson_reflection_positive_at,4
MassGap.confinement_at_of_substrate_sharp,Classical.choice Quot.sound propext wilson_reflection_positive_at,4
MassGap.confinement_of_bounded_substrate,Classical.choice Quot.sound propext wilson_reflection_positive_at,4
MassGap.confinement_of_geometric_decay,Classical.choice Quot.sound propext wilson_reflection_positive_at,4
MassGap.confinement_of_growth_bound,Classical.choice Quot.sound propext wilson_reflection_positive_at,4
MassGap.confinement_of_growth_ratio,Classical.choice Quot.sound propext wilson_reflection_positive_at,4
MassGap.confinement_of_lag_decay,Classical.choice Quot.sound propext wilson_reflection_positive_at,4
MassGap.confinement_of_periodic_spectral_form,Classical.choice Quot.sound propext wilson_reflection_positive_at,4
MassGap.confinement_of_spectral_form,Classical.choice Quot.sound propext wilson_reflection_positive_at,4
MassGap.confinement_of_substrate_bound,Classical.choice Quot.sound propext wilson_reflection_positive_at,4
MassGap.continuum_mass_bound_tendsto,Classical.choice Quot.sound propext,3
MassGap.cubeConfig_injective,Classical.choice Quot.sound propext,3
MassGap.d2At,Classical.choice Quot.sound propext wilson_reflection_positive_at,4
MassGap.d2_le_of_analytic_grid,Classical.choice Quot.sound propext wilson_reflection_positive_at,4
MassGap.decay_at_floor_of_junction,Classical.choice Quot.sound propext wilson_reflection_positive_at,4
MassGap.directed_surface_count,Classical.choice Quot.sound propext,3
MassGap.existence_and_gap_of_model,Classical.choice Quot.sound propext,3
MassGap.exists_uniform_mass_of_aperture_invariant,Classical.choice Quot.sound propext wilson_reflection_positive_at,4
MassGap.exp_κ₀YM,Classical.choice Quot.sound propext,3
MassGap.four_div_le_khat1,Classical.choice Quot.sound propext,3
MassGap.gap_uniform_in_volume_of_intensive,Classical.choice Quot.sound propext,3
MassGap.geometric_bound_of_mode_bound,Classical.choice Quot.sound propext,3
MassGap.khat1_mul_tendsto,Classical.choice Quot.sound propext,3
MassGap.m2_ge_of_aperture_invariant,Classical.choice Quot.sound propext wilson_reflection_positive_at,4
MassGap.m2_ge_of_scaling,Classical.choice Quot.sound propext wilson_reflection_positive_at,4
MassGap.m2_gt_of_confinement,Classical.choice Quot.sound propext wilson_reflection_positive_at,4
MassGap.margin_tendsto_floor,Classical.choice Quot.sound propext wilson_reflection_positive_at,4
MassGap.mass_gap_rate_and_continuum,Classical.choice Quot.sound propext,3
MassGap.mass_gap_rate_of_model,Classical.choice Quot.sound propext,3
MassGap.mass_gap_ratio_lt_one,Classical.choice Quot.sound propext,3
MassGap.one_lt_three_rpow,Classical.choice Quot.sound propext,3
MassGap.physical_mass_ge_of_confinement,Classical.choice Quot.sound propext wilson_reflection_positive_at,4
MassGap.physical_mass_ge_of_scaling,Classical.choice Quot.sound propext wilson_reflection_positive_at,4
MassGap.rate_of_ratio,Classical.choice Quot.sound propext wilson_reflection_positive_at,4
MassGap.readYMAt,Classical.choice Quot.sound propext wilson_reflection_positive_at,4
MassGap.sharp_constant_pos,Classical.choice Quot.sound propext,3
MassGap.spectral_bar_nonvacuous,Classical.choice Quot.sound propext,3
MassGap.substrateRatio_le_iff,Classical.choice Quot.sound propext wilson_reflection_positive_at,4
MassGap.substrateRatio_lt_of_tension_lt_floor,Classical.choice Quot.sound propext wilson_reflection_positive_at,4
MassGap.substrateRatio_nonneg,Classical.choice Quot.sound propext wilson_reflection_positive_at,4
MassGap.surplus_eq_log_cosAvg,Classical.choice Quot.sound propext wilson_reflection_positive_at,4
MassGap.surplus_ge,Classical.choice Quot.sound propext wilson_reflection_positive_at,4
MassGap.surplus_ge_of_ratio,Classical.choice Quot.sound propext wilson_reflection_positive_at,4
MassGap.surplus_ge_sharp,Classical.choice Quot.sound propext wilson_reflection_positive_at,4
MassGap.surplus_pos_iff_substrate,Classical.choice Quot.sound propext wilson_reflection_positive_at,4
MassGap.taylor_le_substrateThreshold,Classical.choice Quot.sound propext,3
MassGap.two_one_sub_cos_le_sq,Classical.choice Quot.sound propext,3
MassGap.uniform_gap_constant_pos,Classical.choice Quot.sound propext,3
MassGap.wilsonCorrAt,Classical.choice Quot.sound propext,3
MassGap.wilson_reflection_positive_at_even,Classical.choice Quot.sound propext,3
MassGap.wilson_sum_eq_corr,Classical.choice Quot.sound propext,3
MassGap.ymModelAt,Classical.choice Quot.sound propext wilson_reflection_positive_at,4
MassGap.ym_A2,Classical.choice Quot.sound propext wilson_reflection_positive_at,4
MassGap.ym_A2_nonvacuous,Classical.choice Quot.sound propext,3
MassGap.ym_crossover_confinement_of_grid,Classical.choice Quot.sound propext wilson_reflection_positive_at,4
MassGap.ym_existence_and_gap_of_junction,Classical.choice Quot.sound propext wilson_reflection_positive_at,4
MassGap.ym_gap_uniform_in_volume,Classical.choice Quot.sound propext,3
MassGap.ym_mass_gap_at_branch_floor,Classical.choice Quot.sound propext wilson_reflection_positive_at,4
MassGap.ym_mass_gap_at_floor,Classical.choice Quot.sound propext wilson_reflection_positive_at,4
MassGap.ym_mass_gap_at_floor_is_the_pinned_one,Classical.choice Quot.sound propext wilson_reflection_positive_at,4
MassGap.ym_mass_gap_certified,Classical.choice Quot.sound propext wilson_reflection_positive_at,4
MassGap.ym_mass_gap_grid_certified,Classical.choice Quot.sound propext wilson_reflection_positive_at,4
MassGap.ym_mass_gap_of_decay,Classical.choice Quot.sound propext wilson_reflection_positive_at,4
MassGap.ym_mass_gap_of_decay_at_floor,Classical.choice Quot.sound propext wilson_reflection_positive_at,4
MassGap.ym_mass_gap_of_junction,Classical.choice Quot.sound propext wilson_reflection_positive_at,4
MassGap.ym_mass_gap_of_lag_decay,Classical.choice Quot.sound propext wilson_reflection_positive_at,4
MassGap.ym_mass_gap_of_ratio,Classical.choice Quot.sound propext wilson_reflection_positive_at,4
MassGap.ym_mass_gap_of_substrate,Classical.choice Quot.sound propext wilson_reflection_positive_at,4
MassGap.ym_mass_gap_rate,Classical.choice Quot.sound propext wilson_reflection_positive_at,4
MassGap.ym_mass_gap_spectral,Classical.choice Quot.sound propext wilson_reflection_positive_at,4
MassGap.ym_mass_gap_spectral_bar,Classical.choice Quot.sound propext wilson_reflection_positive_at,4
MassGap.ym_physical_gap_ge,Classical.choice Quot.sound propext wilson_reflection_positive_at,4
MassGap.ym_physical_gap_ge_sharp,Classical.choice Quot.sound propext wilson_reflection_positive_at,4
MassGap.ym_physical_gap_of_ratio,Classical.choice Quot.sound propext wilson_reflection_positive_at,4
MassGap.ym_physical_gap_uniform,Classical.choice Quot.sound propext wilson_reflection_positive_at,4
MassGap.ym_physical_gap_uniform_exact,Classical.choice Quot.sound propext wilson_reflection_positive_at,4
MassGap.ym_physical_mass_uniform,Classical.choice Quot.sound propext wilson_reflection_positive_at,4
MassGap.ym_reconstructed_gap,Classical.choice Quot.sound propext,3
MassGap.ym_spectral_gap,Classical.choice Quot.sound propext wilson_reflection_positive_at,4
MassGap.ym_wightman_of,Classical.choice Quot.sound WightmanTheory os_reconstruction propext wilson_reflection_positive_at,6
MassGap.ym_wilson_decay_to_half_period,Classical.choice Quot.sound propext wilson_reflection_positive_at,4
MassGap.βcAt_spec,Classical.choice Quot.sound propext,3
MassGap.μYMAt,Classical.choice Quot.sound propext wilson_reflection_positive_at,4
